<?xml version='1.0' encoding='UTF-8'?>
<ALGRITHM MD5="7c869ed7b29ad78640c4468bf5169257" value="C:/Users/Lenovo/Desktop/rpu_new/sm4/1.xml" name="" md5="">
    <RCA id="0">
        <BCU gap="0" id="0" YAtParent="100" sort="0" Top="0" LFSR_DEPTH="0" Left="0" infifosrc="0" Width="1074" INFIFO_SRC=":/plaintext_in.fifo" IMD_SRC=":/vector_4_init.imd" LFSR_WIDTH="0" imd_mode128_32="0" XAtParent="100" burst="0" Height="670" router="3" MEM_SRC=":/12.memory">
            <RCU Top="0" id="0" YAtParent="30" Height="170" XAtParent="60" Left="0" Width="954">
                <OUT_FIFO Index="0" id="0" Type="0">
                    <PORT_INFLECTION_POS inflection_pos=""/>
                    <PORT_PRESSED_POS pressed_pos=""/>
                </OUT_FIFO>
                <OUT_FIFO Index="0" id="1" Type="0">
                    <PORT_INFLECTION_POS inflection_pos=""/>
                    <PORT_PRESSED_POS pressed_pos=""/>
                </OUT_FIFO>
                <OUT_FIFO Index="0" id="2" Type="0">
                    <PORT_INFLECTION_POS inflection_pos=""/>
                    <PORT_PRESSED_POS pressed_pos=""/>
                </OUT_FIFO>
                <OUT_FIFO Index="0" id="3" Type="0">
                    <PORT_INFLECTION_POS inflection_pos=""/>
                    <PORT_PRESSED_POS pressed_pos=""/>
                </OUT_FIFO>
                <LOOP LOOP_times="1" LOOP_start_end2="0" LOOP_start_end="3" LOOP_times2="0"/>
                <MEM_WRITE mode="0" mask="15" threashold="0" offset="0" addr="0"/>
                <MEM_READ mode="0" addr2="0" addr3="0" threashold="0" offset="0" addr1="0" addr4="0" mode128_32="0"/>
                <RCH mode="0"/>
                <BFU Bypass="1" BypassExp="" Top="0" id="0" YAtParent="55" exp="A" Height="60" XAtParent="115" mod="0" carry="0" Left="0" Width="90" func="lu" muMod="0">
                    <INPUTA Index="0" Type="9">
                        <PORT_INFLECTION_POS inflection_pos="63.8,-17;7,-17"/>
                        <PORT_PRESSED_POS pressed_pos=""/>
                    </INPUTA>
                    <INPUTB Index="1" Type="9">
                        <PORT_INFLECTION_POS inflection_pos="231.6,-13;7,-13"/>
                        <PORT_PRESSED_POS pressed_pos=""/>
                    </INPUTB>
                    <INPUTT Index="0" Type="0">
                        <PORT_INFLECTION_POS inflection_pos=""/>
                        <PORT_PRESSED_POS pressed_pos=""/>
                    </INPUTT>
                </BFU>
                <RCH_INPUT Index="0" id="0" Address="0" Type="1"/>
                <RCH_INPUT Index="0" id="1" Address="1" Type="2"/>
                <BFU Bypass="1" BypassExp="" Top="0" id="1" YAtParent="55" exp="A" Height="60" XAtParent="639" mod="0" carry="0" Left="0" Width="90" func="lu" muMod="0">
                    <INPUTA Index="2" Type="9">
                        <PORT_INFLECTION_POS inflection_pos="-82.6,-9;7,-9"/>
                        <PORT_PRESSED_POS pressed_pos=""/>
                    </INPUTA>
                    <INPUTB Index="3" Type="9">
                        <PORT_INFLECTION_POS inflection_pos="85.2,-5;7,-5"/>
                        <PORT_PRESSED_POS pressed_pos=""/>
                    </INPUTB>
                    <INPUTT Index="0" Type="0">
                        <PORT_INFLECTION_POS inflection_pos=""/>
                        <PORT_PRESSED_POS pressed_pos=""/>
                    </INPUTT>
                </BFU>
                <RCH_INPUT Index="1" id="2" Address="2" Type="1"/>
                <RCH_INPUT Index="1" id="3" Address="3" Type="2"/>
            </RCU>
            <RCU Top="0" id="1" YAtParent="250" Height="170" XAtParent="60" Left="0" Width="954">
                <OUT_FIFO Index="0" id="0" Type="0">
                    <PORT_INFLECTION_POS inflection_pos=""/>
                    <PORT_PRESSED_POS pressed_pos=""/>
                </OUT_FIFO>
                <OUT_FIFO Index="0" id="1" Type="0">
                    <PORT_INFLECTION_POS inflection_pos=""/>
                    <PORT_PRESSED_POS pressed_pos=""/>
                </OUT_FIFO>
                <OUT_FIFO Index="0" id="2" Type="0">
                    <PORT_INFLECTION_POS inflection_pos=""/>
                    <PORT_PRESSED_POS pressed_pos=""/>
                </OUT_FIFO>
                <OUT_FIFO Index="0" id="3" Type="0">
                    <PORT_INFLECTION_POS inflection_pos=""/>
                    <PORT_PRESSED_POS pressed_pos=""/>
                </OUT_FIFO>
                <LOOP LOOP_times="32" LOOP_start_end2="0" LOOP_start_end="3" LOOP_times2="0"/>
                <MEM_WRITE mode="0" mask="15" threashold="0" offset="0" addr="0"/>
                <MEM_READ mode="0" addr2="0" addr3="0" threashold="0" offset="0" addr1="0" addr4="0" mode128_32="0"/>
                <RCH mode="0"/>
                <BFU Bypass="0" BypassExp="" Top="0" id="0" YAtParent="55" exp="A^B^T" Height="60" XAtParent="49" mod="0" carry="0" Left="0" Width="90" func="lu" muMod="0">
                    <INPUTA Index="1" Type="12">
                        <PORT_INFLECTION_POS inflection_pos=""/>
                        <PORT_PRESSED_POS pressed_pos=""/>
                    </INPUTA>
                    <INPUTB Index="2" Type="12">
                        <PORT_INFLECTION_POS inflection_pos=""/>
                        <PORT_PRESSED_POS pressed_pos=""/>
                    </INPUTB>
                    <INPUTT Index="3" Type="12">
                        <PORT_INFLECTION_POS inflection_pos=""/>
                        <PORT_PRESSED_POS pressed_pos=""/>
                    </INPUTT>
                </BFU>
                <BFU Bypass="1" BypassExp="" Top="0" id="1" YAtParent="55" exp="" Height="60" XAtParent="159" mod="0" carry="0" Left="0" Width="90" func="lu" muMod="0">
                    <INPUTA Index="0" Type="12">
                        <PORT_INFLECTION_POS inflection_pos=""/>
                        <PORT_PRESSED_POS pressed_pos=""/>
                    </INPUTA>
                    <INPUTB Index="1" Type="12">
                        <PORT_INFLECTION_POS inflection_pos=""/>
                        <PORT_PRESSED_POS pressed_pos=""/>
                    </INPUTB>
                    <INPUTT Index="0" Type="0">
                        <PORT_INFLECTION_POS inflection_pos=""/>
                        <PORT_PRESSED_POS pressed_pos=""/>
                    </INPUTT>
                </BFU>
                <RCH_INPUT Index="1" id="0" Address="0" Type="2"/>
                <BFU Bypass="1" BypassExp="" Top="0" id="2" YAtParent="55" exp="" Height="60" XAtParent="269" mod="0" carry="0" Left="0" Width="90" func="lu" muMod="0">
                    <INPUTA Index="2" Type="12">
                        <PORT_INFLECTION_POS inflection_pos=""/>
                        <PORT_PRESSED_POS pressed_pos=""/>
                    </INPUTA>
                    <INPUTB Index="3" Type="12">
                        <PORT_INFLECTION_POS inflection_pos=""/>
                        <PORT_PRESSED_POS pressed_pos=""/>
                    </INPUTB>
                    <INPUTT Index="0" Type="0">
                        <PORT_INFLECTION_POS inflection_pos=""/>
                        <PORT_PRESSED_POS pressed_pos=""/>
                    </INPUTT>
                </BFU>
                <RCH_INPUT Index="2" id="1" Address="1" Type="1"/>
                <RCH_INPUT Index="2" id="2" Address="2" Type="2"/>
                <BFU Bypass="0" BypassExp="" Top="0" id="3" YAtParent="55" exp="A^B&lt;&lt;&lt;2^A&lt;&lt;&lt;10" Height="60" XAtParent="379" mod="0" carry="0" Left="0" Width="90" func="su" muMod="0">
                    <INPUTA Index="0" Type="3">
                        <PORT_INFLECTION_POS inflection_pos="448.8,49;7,49"/>
                        <PORT_PRESSED_POS pressed_pos=""/>
                    </INPUTA>
                    <INPUTB Index="0" Type="3">
                        <PORT_INFLECTION_POS inflection_pos="427.8,49;7,49"/>
                        <PORT_PRESSED_POS pressed_pos=""/>
                    </INPUTB>
                    <INPUTT Index="0" Type="0">
                        <PORT_INFLECTION_POS inflection_pos=""/>
                        <PORT_PRESSED_POS pressed_pos=""/>
                    </INPUTT>
                </BFU>
                <BFU Bypass="0" BypassExp="" Top="0" id="4" YAtParent="55" exp="A&lt;&lt;&lt;18^B&lt;&lt;&lt;24" Height="60" XAtParent="489" mod="0" carry="0" Left="0" Width="90" func="su" muMod="0">
                    <INPUTA Index="0" Type="3">
                        <PORT_INFLECTION_POS inflection_pos="338.8,49;7,49"/>
                        <PORT_PRESSED_POS pressed_pos=""/>
                    </INPUTA>
                    <INPUTB Index="0" Type="3">
                        <PORT_INFLECTION_POS inflection_pos="317.8,49;7,49"/>
                        <PORT_PRESSED_POS pressed_pos=""/>
                    </INPUTB>
                    <INPUTT Index="0" Type="0">
                        <PORT_INFLECTION_POS inflection_pos=""/>
                        <PORT_PRESSED_POS pressed_pos=""/>
                    </INPUTT>
                </BFU>
                <BFU Bypass="0" BypassExp="" Top="0" id="5" YAtParent="55" exp="A^B^T" Height="60" XAtParent="599" mod="0" carry="0" Left="0" Width="90" func="lu" muMod="0">
                    <INPUTA Index="1" Type="1">
                        <PORT_INFLECTION_POS inflection_pos="-426,45;7,45"/>
                        <PORT_PRESSED_POS pressed_pos=""/>
                    </INPUTA>
                    <INPUTB Index="3" Type="1">
                        <PORT_INFLECTION_POS inflection_pos="-227,29;7,29"/>
                        <PORT_PRESSED_POS pressed_pos=""/>
                    </INPUTB>
                    <INPUTT Index="4" Type="1">
                        <PORT_INFLECTION_POS inflection_pos="-138,53;7,53"/>
                        <PORT_PRESSED_POS pressed_pos=""/>
                    </INPUTT>
                </BFU>
                <RCH_INPUT Index="5" id="3" Address="3" Type="1"/>
                <BFU Bypass="0" BypassExp="" Top="0" id="6" YAtParent="55" exp="A^B" Height="60" XAtParent="709" mod="0" carry="0" Left="0" Width="90" func="lu" muMod="0">
                    <INPUTA Index="0" Type="11">
                        <PORT_INFLECTION_POS inflection_pos=""/>
                        <PORT_PRESSED_POS pressed_pos=""/>
                    </INPUTA>
                    <INPUTB Index="0" Type="1">
                        <PORT_INFLECTION_POS inflection_pos="-667,53;7,53"/>
                        <PORT_PRESSED_POS pressed_pos=""/>
                    </INPUTB>
                    <INPUTT Index="0" Type="0">
                        <PORT_INFLECTION_POS inflection_pos=""/>
                        <PORT_PRESSED_POS pressed_pos=""/>
                    </INPUTT>
                </BFU>
                <SBOX mode="2" src=":/sbox_0_init.sbox" increasemode="0" Top="0" id="0" YAtParent="55" Height="60" XAtParent="809" Left="0" Width="120">
                    <INPUT Index="6" Type="1">
                        <PORT_INFLECTION_POS inflection_pos="-132,37;7,37"/>
                        <PORT_PRESSED_POS pressed_pos=""/>
                    </INPUT>
                    <CNT id="0" value="0"/>
                    <CNT id="1" value="0"/>
                    <CNT id="2" value="0"/>
                    <CNT id="3" value="0"/>
                </SBOX>
            </RCU>
            <RCU Top="0" id="2" YAtParent="470" Height="170" XAtParent="60" Left="0" Width="954">
                <OUT_FIFO Index="0" id="0" Type="4">
                    <PORT_INFLECTION_POS inflection_pos="-114,-18;7,-18"/>
                    <PORT_PRESSED_POS pressed_pos=""/>
                </OUT_FIFO>
                <OUT_FIFO Index="1" id="1" Type="4">
                    <PORT_INFLECTION_POS inflection_pos="-280,-14;7,-14"/>
                    <PORT_PRESSED_POS pressed_pos=""/>
                </OUT_FIFO>
                <OUT_FIFO Index="2" id="2" Type="4">
                    <PORT_INFLECTION_POS inflection_pos="-446,-10;7,-10"/>
                    <PORT_PRESSED_POS pressed_pos=""/>
                </OUT_FIFO>
                <OUT_FIFO Index="3" id="3" Type="4">
                    <PORT_INFLECTION_POS inflection_pos="-612,-6;7,-6"/>
                    <PORT_PRESSED_POS pressed_pos=""/>
                </OUT_FIFO>
                <LOOP LOOP_times="0" LOOP_start_end2="0" LOOP_start_end="0" LOOP_times2="0"/>
                <MEM_WRITE mode="0" mask="15" threashold="0" offset="0" addr="0"/>
                <MEM_READ mode="0" addr2="0" addr3="0" threashold="0" offset="0" addr1="0" addr4="0" mode128_32="0"/>
                <RCH mode="0"/>
                <BENES src=":/benes.benes" Top="0" id="0" YAtParent="55" Height="60" XAtParent="49" Left="0" Width="120">
                    <INPUT Index="3" id="0" Type="12">
                        <PORT_INFLECTION_POS inflection_pos=""/>
                        <PORT_PRESSED_POS pressed_pos=""/>
                    </INPUT>
                    <INPUT Index="2" id="1" Type="12">
                        <PORT_INFLECTION_POS inflection_pos=""/>
                        <PORT_PRESSED_POS pressed_pos=""/>
                    </INPUT>
                    <INPUT Index="1" id="2" Type="12">
                        <PORT_INFLECTION_POS inflection_pos=""/>
                        <PORT_PRESSED_POS pressed_pos=""/>
                    </INPUT>
                    <INPUT Index="0" id="3" Type="12">
                        <PORT_INFLECTION_POS inflection_pos=""/>
                        <PORT_PRESSED_POS pressed_pos=""/>
                    </INPUT>
                </BENES>
            </RCU>
        </BCU>
    </RCA>
    <RSM id="0"/>
    <UIVER ver="3.0.0"/>
</ALGRITHM>
