<?xml version='1.0' encoding='UTF-8'?>
<ALGRITHM value="C:/esl/rpu_simulator/testcase/sm3/sm3/src/sm3_fin.xml" MD5="03e2be37454fa7e975fabca238c9d6a6" name="" md5="">
    <RCA id="0">
        <BCU Height="2430" burst="0" infifosrc="0" id="0" router="3" gap="0" Top="0" imd_mode128_32="0" MEM_SRC=":/sm3_memory.memory" Left="0" XAtParent="100" Width="1044" INFIFO_SRC=":/sm3_plaintext_in.fifo" sort="0" IMD_SRC=":/sm3_imd.imd" YAtParent="100">
            <RCU Height="170" id="0" Top="0" Left="0" XAtParent="60" Width="924" YAtParent="30">
                <OUT_FIFO Index="0" id="0" Type="0">
                    <PORT_INFLECTION_POS inflection_pos=""/>
                    <PORT_PRESSED_POS pressed_pos=""/>
                </OUT_FIFO>
                <OUT_FIFO Index="0" id="1" Type="0">
                    <PORT_INFLECTION_POS inflection_pos=""/>
                    <PORT_PRESSED_POS pressed_pos=""/>
                </OUT_FIFO>
                <OUT_FIFO Index="0" id="2" Type="0">
                    <PORT_INFLECTION_POS inflection_pos=""/>
                    <PORT_PRESSED_POS pressed_pos=""/>
                </OUT_FIFO>
                <OUT_FIFO Index="0" id="3" Type="0">
                    <PORT_INFLECTION_POS inflection_pos=""/>
                    <PORT_PRESSED_POS pressed_pos=""/>
                </OUT_FIFO>
                <LOOP LOOP_times="4" LOOP_start_end="3"/>
                <MEM_WRITE addr="0" offset="1" mode="1" mask="15" threashold="0"/>
                <MEM_READ mode128_32="1" addr2="0" addr3="0" addr4="0" offset="0" mode="0" addr1="0" threashold="0"/>
                <RCH mode="1"/>
                <BENES Height="60" id="0" Top="0" src=":/sm3_benes.benes" Left="0" XAtParent="49" Width="120" YAtParent="55">
                    <INPUT Index="0" id="0" Type="9">
                        <PORT_INFLECTION_POS inflection_pos="122,-17;7,-17"/>
                        <PORT_PRESSED_POS pressed_pos=""/>
                    </INPUT>
                    <INPUT Index="1" id="1" Type="9">
                        <PORT_INFLECTION_POS inflection_pos="282,-13;7,-13"/>
                        <PORT_PRESSED_POS pressed_pos=""/>
                    </INPUT>
                    <INPUT Index="2" id="2" Type="9">
                        <PORT_INFLECTION_POS inflection_pos="442,-9;7,-9"/>
                        <PORT_PRESSED_POS pressed_pos=""/>
                    </INPUT>
                    <INPUT Index="3" id="3" Type="9">
                        <PORT_INFLECTION_POS inflection_pos="602,-5;7,-5"/>
                        <PORT_PRESSED_POS pressed_pos=""/>
                    </INPUT>
                </BENES>
                <RCH_INPUT Index="0" id="0" Type="4" Address="0"/>
                <MEM_INPUT Index="0" id="0" Type="4"/>
                <RCH_INPUT Index="1" id="1" Type="4" Address="0"/>
                <MEM_INPUT Index="1" id="1" Type="4"/>
                <RCH_INPUT Index="2" id="2" Type="4" Address="0"/>
                <MEM_INPUT Index="2" id="2" Type="4"/>
                <RCH_INPUT Index="3" id="3" Type="4" Address="0"/>
                <MEM_INPUT Index="3" id="3" Type="4"/>
            </RCU>
            <RCU Height="170" id="1" Top="0" Left="0" XAtParent="60" Width="924" YAtParent="249">
                <OUT_FIFO Index="0" id="0" Type="0">
                    <PORT_INFLECTION_POS inflection_pos=""/>
                    <PORT_PRESSED_POS pressed_pos=""/>
                </OUT_FIFO>
                <OUT_FIFO Index="0" id="1" Type="0">
                    <PORT_INFLECTION_POS inflection_pos=""/>
                    <PORT_PRESSED_POS pressed_pos=""/>
                </OUT_FIFO>
                <OUT_FIFO Index="0" id="2" Type="0">
                    <PORT_INFLECTION_POS inflection_pos=""/>
                    <PORT_PRESSED_POS pressed_pos=""/>
                </OUT_FIFO>
                <OUT_FIFO Index="0" id="3" Type="0">
                    <PORT_INFLECTION_POS inflection_pos=""/>
                    <PORT_PRESSED_POS pressed_pos=""/>
                </OUT_FIFO>
                <LOOP LOOP_times="13" LOOP_start_end="1"/>
                <MEM_WRITE addr="4" offset="1" mode="1" mask="3" threashold="0"/>
                <MEM_READ mode128_32="1" addr2="0" addr3="0" addr4="0" offset="0" mode="0" addr1="0" threashold="0"/>
                <RCH mode="1"/>
                <BFU Height="60" func="su" exp="(A&lt;&lt;&lt;15)^B^T" carry="0" id="0" Top="0" BypassExp="" Left="0" XAtParent="49" Width="90" Bypass="0" muMod="0" mod="0" YAtParent="55">
                    <INPUTA Index="13" Type="12">
                        <PORT_INFLECTION_POS inflection_pos=""/>
                        <PORT_PRESSED_POS pressed_pos=""/>
                    </INPUTA>
                    <INPUTB Index="7" Type="12">
                        <PORT_INFLECTION_POS inflection_pos=""/>
                        <PORT_PRESSED_POS pressed_pos=""/>
                    </INPUTB>
                    <INPUTT Index="0" Type="12">
                        <PORT_INFLECTION_POS inflection_pos=""/>
                        <PORT_PRESSED_POS pressed_pos=""/>
                    </INPUTT>
                </BFU>
                <BFU Height="60" func="su" exp="(A&lt;&lt;&lt;15)^(B&lt;&lt;&lt;23)^A" carry="0" id="1" Top="0" BypassExp="" Left="0" XAtParent="159" Width="90" Bypass="0" muMod="0" mod="0" YAtParent="55">
                    <INPUTA Index="0" Type="1">
                        <PORT_INFLECTION_POS inflection_pos="-96,53;7,53"/>
                        <PORT_PRESSED_POS pressed_pos=""/>
                    </INPUTA>
                    <INPUTB Index="0" Type="1">
                        <PORT_INFLECTION_POS inflection_pos="-117,53;7,53"/>
                        <PORT_PRESSED_POS pressed_pos=""/>
                    </INPUTB>
                    <INPUTT Index="0" Type="0">
                        <PORT_INFLECTION_POS inflection_pos=""/>
                        <PORT_PRESSED_POS pressed_pos=""/>
                    </INPUTT>
                </BFU>
                <BFU Height="60" func="su" exp="(A&lt;&lt;&lt;7)^B" carry="0" id="2" Top="0" BypassExp="" Left="0" XAtParent="269" Width="90" Bypass="0" muMod="0" mod="0" YAtParent="55">
                    <INPUTA Index="3" Type="12">
                        <PORT_INFLECTION_POS inflection_pos=""/>
                        <PORT_PRESSED_POS pressed_pos=""/>
                    </INPUTA>
                    <INPUTB Index="10" Type="12">
                        <PORT_INFLECTION_POS inflection_pos=""/>
                        <PORT_PRESSED_POS pressed_pos=""/>
                    </INPUTB>
                    <INPUTT Index="0" Type="0">
                        <PORT_INFLECTION_POS inflection_pos=""/>
                        <PORT_PRESSED_POS pressed_pos=""/>
                    </INPUTT>
                </BFU>
                <BFU Height="60" func="lu" exp="A^B" carry="0" id="3" Top="0" BypassExp="" Left="0" XAtParent="379" Width="90" Bypass="0" muMod="0" mod="0" YAtParent="55">
                    <INPUTA Index="1" Type="1">
                        <PORT_INFLECTION_POS inflection_pos="-206,45;7,45"/>
                        <PORT_PRESSED_POS pressed_pos=""/>
                    </INPUTA>
                    <INPUTB Index="2" Type="1">
                        <PORT_INFLECTION_POS inflection_pos="-117,37;7,37"/>
                        <PORT_PRESSED_POS pressed_pos=""/>
                    </INPUTB>
                    <INPUTT Index="0" Type="0">
                        <PORT_INFLECTION_POS inflection_pos=""/>
                        <PORT_PRESSED_POS pressed_pos=""/>
                    </INPUTT>
                </BFU>
                <RCH_INPUT Index="3" id="0" Type="1" Address="0"/>
                <MEM_INPUT Index="3" id="0" Type="1"/>
                <BFU Height="60" func="su" exp="(A&lt;&lt;&lt;15)^(B^T)" carry="0" id="4" Top="0" BypassExp="" Left="0" XAtParent="489" Width="90" Bypass="0" muMod="0" mod="0" YAtParent="55">
                    <INPUTA Index="14" Type="12">
                        <PORT_INFLECTION_POS inflection_pos=""/>
                        <PORT_PRESSED_POS pressed_pos=""/>
                    </INPUTA>
                    <INPUTB Index="8" Type="12">
                        <PORT_INFLECTION_POS inflection_pos=""/>
                        <PORT_PRESSED_POS pressed_pos=""/>
                    </INPUTB>
                    <INPUTT Index="1" Type="12">
                        <PORT_INFLECTION_POS inflection_pos=""/>
                        <PORT_PRESSED_POS pressed_pos=""/>
                    </INPUTT>
                </BFU>
                <BFU Height="60" func="su" exp="(A&lt;&lt;&lt;15)^(B&lt;&lt;&lt;23)^A" carry="0" id="5" Top="0" BypassExp="" Left="0" XAtParent="599" Width="90" Bypass="0" muMod="0" mod="0" YAtParent="55">
                    <INPUTA Index="4" Type="1">
                        <PORT_INFLECTION_POS inflection_pos="-96,53;7,53"/>
                        <PORT_PRESSED_POS pressed_pos=""/>
                    </INPUTA>
                    <INPUTB Index="4" Type="1">
                        <PORT_INFLECTION_POS inflection_pos="-117,53;7,53"/>
                        <PORT_PRESSED_POS pressed_pos=""/>
                    </INPUTB>
                    <INPUTT Index="0" Type="0">
                        <PORT_INFLECTION_POS inflection_pos=""/>
                        <PORT_PRESSED_POS pressed_pos=""/>
                    </INPUTT>
                </BFU>
                <BFU Height="60" func="su" exp="(A&lt;&lt;&lt;7)^B" carry="0" id="6" Top="0" BypassExp="" Left="0" XAtParent="709" Width="90" Bypass="0" muMod="0" mod="0" YAtParent="55">
                    <INPUTA Index="4" Type="12">
                        <PORT_INFLECTION_POS inflection_pos=""/>
                        <PORT_PRESSED_POS pressed_pos=""/>
                    </INPUTA>
                    <INPUTB Index="11" Type="12">
                        <PORT_INFLECTION_POS inflection_pos=""/>
                        <PORT_PRESSED_POS pressed_pos=""/>
                    </INPUTB>
                    <INPUTT Index="0" Type="0">
                        <PORT_INFLECTION_POS inflection_pos=""/>
                        <PORT_PRESSED_POS pressed_pos=""/>
                    </INPUTT>
                </BFU>
                <BFU Height="60" func="lu" exp="A^B" carry="0" id="7" Top="0" BypassExp="" Left="0" XAtParent="809" Width="90" Bypass="0" muMod="0" mod="0" YAtParent="55">
                    <INPUTA Index="5" Type="1">
                        <PORT_INFLECTION_POS inflection_pos="-196,45;7,45"/>
                        <PORT_PRESSED_POS pressed_pos=""/>
                    </INPUTA>
                    <INPUTB Index="6" Type="1">
                        <PORT_INFLECTION_POS inflection_pos="-107,37;7,37"/>
                        <PORT_PRESSED_POS pressed_pos=""/>
                    </INPUTB>
                    <INPUTT Index="0" Type="0">
                        <PORT_INFLECTION_POS inflection_pos=""/>
                        <PORT_PRESSED_POS pressed_pos=""/>
                    </INPUTT>
                </BFU>
                <RCH_INPUT Index="7" id="1" Type="1" Address="0"/>
                <MEM_INPUT Index="7" id="1" Type="1"/>
            </RCU>
            <RCU Height="170" id="2" Top="0" Left="0" XAtParent="60" Width="924" YAtParent="470">
                <OUT_FIFO Index="0" id="0" Type="0">
                    <PORT_INFLECTION_POS inflection_pos=""/>
                    <PORT_PRESSED_POS pressed_pos=""/>
                </OUT_FIFO>
                <OUT_FIFO Index="0" id="1" Type="0">
                    <PORT_INFLECTION_POS inflection_pos=""/>
                    <PORT_PRESSED_POS pressed_pos=""/>
                </OUT_FIFO>
                <OUT_FIFO Index="0" id="2" Type="0">
                    <PORT_INFLECTION_POS inflection_pos=""/>
                    <PORT_PRESSED_POS pressed_pos=""/>
                </OUT_FIFO>
                <OUT_FIFO Index="0" id="3" Type="0">
                    <PORT_INFLECTION_POS inflection_pos=""/>
                    <PORT_PRESSED_POS pressed_pos=""/>
                </OUT_FIFO>
                <LOOP LOOP_times="13" LOOP_start_end="2"/>
                <MEM_WRITE addr="4" offset="1" mode="1" mask="3" threashold="0"/>
                <MEM_READ mode128_32="1" addr2="0" addr3="0" addr4="0" offset="0" mode="0" addr1="0" threashold="0"/>
                <RCH mode="1"/>
                <BFU Height="60" func="su" exp="(A&lt;&lt;&lt;15)^B^T" carry="0" id="0" Top="0" BypassExp="" Left="0" XAtParent="49" Width="90" Bypass="0" muMod="0" mod="0" YAtParent="55">
                    <INPUTA Index="13" Type="12">
                        <PORT_INFLECTION_POS inflection_pos=""/>
                        <PORT_PRESSED_POS pressed_pos=""/>
                    </INPUTA>
                    <INPUTB Index="7" Type="12">
                        <PORT_INFLECTION_POS inflection_pos=""/>
                        <PORT_PRESSED_POS pressed_pos=""/>
                    </INPUTB>
                    <INPUTT Index="0" Type="12">
                        <PORT_INFLECTION_POS inflection_pos=""/>
                        <PORT_PRESSED_POS pressed_pos=""/>
                    </INPUTT>
                </BFU>
                <BFU Height="60" func="su" exp="(A&lt;&lt;&lt;15)^(B&lt;&lt;&lt;23)^A" carry="0" id="1" Top="0" BypassExp="" Left="0" XAtParent="159" Width="90" Bypass="0" muMod="0" mod="0" YAtParent="55">
                    <INPUTA Index="0" Type="1">
                        <PORT_INFLECTION_POS inflection_pos="-96,53;7,53"/>
                        <PORT_PRESSED_POS pressed_pos=""/>
                    </INPUTA>
                    <INPUTB Index="0" Type="1">
                        <PORT_INFLECTION_POS inflection_pos="-117,53;7,53"/>
                        <PORT_PRESSED_POS pressed_pos=""/>
                    </INPUTB>
                    <INPUTT Index="0" Type="0">
                        <PORT_INFLECTION_POS inflection_pos=""/>
                        <PORT_PRESSED_POS pressed_pos=""/>
                    </INPUTT>
                </BFU>
                <BFU Height="60" func="su" exp="(A&lt;&lt;&lt;7)^B" carry="0" id="2" Top="0" BypassExp="" Left="0" XAtParent="269" Width="90" Bypass="0" muMod="0" mod="0" YAtParent="55">
                    <INPUTA Index="3" Type="12">
                        <PORT_INFLECTION_POS inflection_pos=""/>
                        <PORT_PRESSED_POS pressed_pos=""/>
                    </INPUTA>
                    <INPUTB Index="10" Type="12">
                        <PORT_INFLECTION_POS inflection_pos=""/>
                        <PORT_PRESSED_POS pressed_pos=""/>
                    </INPUTB>
                    <INPUTT Index="0" Type="0">
                        <PORT_INFLECTION_POS inflection_pos=""/>
                        <PORT_PRESSED_POS pressed_pos=""/>
                    </INPUTT>
                </BFU>
                <BFU Height="60" func="lu" exp="A^B" carry="0" id="3" Top="0" BypassExp="" Left="0" XAtParent="379" Width="90" Bypass="0" muMod="0" mod="0" YAtParent="55">
                    <INPUTA Index="1" Type="1">
                        <PORT_INFLECTION_POS inflection_pos="-206,45;7,45"/>
                        <PORT_PRESSED_POS pressed_pos=""/>
                    </INPUTA>
                    <INPUTB Index="2" Type="1">
                        <PORT_INFLECTION_POS inflection_pos="-117,37;7,37"/>
                        <PORT_PRESSED_POS pressed_pos=""/>
                    </INPUTB>
                    <INPUTT Index="0" Type="0">
                        <PORT_INFLECTION_POS inflection_pos=""/>
                        <PORT_PRESSED_POS pressed_pos=""/>
                    </INPUTT>
                </BFU>
                <RCH_INPUT Index="3" id="0" Type="1" Address="0"/>
                <MEM_INPUT Index="3" id="2" Type="1"/>
                <BFU Height="60" func="su" exp="(A&lt;&lt;&lt;15)^(B^T)" carry="0" id="4" Top="0" BypassExp="" Left="0" XAtParent="489" Width="90" Bypass="0" muMod="0" mod="0" YAtParent="55">
                    <INPUTA Index="14" Type="12">
                        <PORT_INFLECTION_POS inflection_pos=""/>
                        <PORT_PRESSED_POS pressed_pos=""/>
                    </INPUTA>
                    <INPUTB Index="8" Type="12">
                        <PORT_INFLECTION_POS inflection_pos=""/>
                        <PORT_PRESSED_POS pressed_pos=""/>
                    </INPUTB>
                    <INPUTT Index="1" Type="12">
                        <PORT_INFLECTION_POS inflection_pos=""/>
                        <PORT_PRESSED_POS pressed_pos=""/>
                    </INPUTT>
                </BFU>
                <BFU Height="60" func="su" exp="(A&lt;&lt;&lt;15)^(B&lt;&lt;&lt;23)^A" carry="0" id="5" Top="0" BypassExp="" Left="0" XAtParent="599" Width="90" Bypass="0" muMod="0" mod="0" YAtParent="55">
                    <INPUTA Index="4" Type="1">
                        <PORT_INFLECTION_POS inflection_pos="-96,53;7,53"/>
                        <PORT_PRESSED_POS pressed_pos=""/>
                    </INPUTA>
                    <INPUTB Index="4" Type="1">
                        <PORT_INFLECTION_POS inflection_pos="-117,53;7,53"/>
                        <PORT_PRESSED_POS pressed_pos=""/>
                    </INPUTB>
                    <INPUTT Index="0" Type="0">
                        <PORT_INFLECTION_POS inflection_pos=""/>
                        <PORT_PRESSED_POS pressed_pos=""/>
                    </INPUTT>
                </BFU>
                <BFU Height="60" func="su" exp="(A&lt;&lt;&lt;7)^B" carry="0" id="6" Top="0" BypassExp="" Left="0" XAtParent="709" Width="90" Bypass="0" muMod="0" mod="0" YAtParent="55">
                    <INPUTA Index="4" Type="12">
                        <PORT_INFLECTION_POS inflection_pos=""/>
                        <PORT_PRESSED_POS pressed_pos=""/>
                    </INPUTA>
                    <INPUTB Index="11" Type="12">
                        <PORT_INFLECTION_POS inflection_pos=""/>
                        <PORT_PRESSED_POS pressed_pos=""/>
                    </INPUTB>
                    <INPUTT Index="0" Type="0">
                        <PORT_INFLECTION_POS inflection_pos=""/>
                        <PORT_PRESSED_POS pressed_pos=""/>
                    </INPUTT>
                </BFU>
                <BFU Height="60" func="lu" exp="A^B" carry="0" id="7" Top="0" BypassExp="" Left="0" XAtParent="809" Width="90" Bypass="0" muMod="0" mod="0" YAtParent="55">
                    <INPUTA Index="5" Type="1">
                        <PORT_INFLECTION_POS inflection_pos="-196,45;7,45"/>
                        <PORT_PRESSED_POS pressed_pos=""/>
                    </INPUTA>
                    <INPUTB Index="6" Type="1">
                        <PORT_INFLECTION_POS inflection_pos="-107,37;7,37"/>
                        <PORT_PRESSED_POS pressed_pos=""/>
                    </INPUTB>
                    <INPUTT Index="0" Type="0">
                        <PORT_INFLECTION_POS inflection_pos=""/>
                        <PORT_PRESSED_POS pressed_pos=""/>
                    </INPUTT>
                </BFU>
                <RCH_INPUT Index="7" id="1" Type="1" Address="0"/>
                <MEM_INPUT Index="7" id="3" Type="1"/>
            </RCU>
            <RCU Height="170" id="3" Top="0" Left="0" XAtParent="60" Width="924" YAtParent="689">
                <OUT_FIFO Index="0" id="0" Type="0">
                    <PORT_INFLECTION_POS inflection_pos=""/>
                    <PORT_PRESSED_POS pressed_pos=""/>
                </OUT_FIFO>
                <OUT_FIFO Index="0" id="1" Type="0">
                    <PORT_INFLECTION_POS inflection_pos=""/>
                    <PORT_PRESSED_POS pressed_pos=""/>
                </OUT_FIFO>
                <OUT_FIFO Index="0" id="2" Type="0">
                    <PORT_INFLECTION_POS inflection_pos=""/>
                    <PORT_PRESSED_POS pressed_pos=""/>
                </OUT_FIFO>
                <OUT_FIFO Index="0" id="3" Type="0">
                    <PORT_INFLECTION_POS inflection_pos=""/>
                    <PORT_PRESSED_POS pressed_pos=""/>
                </OUT_FIFO>
                <LOOP LOOP_times="1" LOOP_start_end="0"/>
                <MEM_WRITE addr="0" offset="0" mode="0" mask="15" threashold="0"/>
                <MEM_READ mode128_32="0" addr2="81" addr3="82" addr4="83" offset="0" mode="1" addr1="80" threashold="0"/>
                <RCH mode="0"/>
                <BFU Height="60" func="au" exp="" carry="0" id="0" Top="0" BypassExp="" Left="0" XAtParent="49" Width="90" Bypass="0" muMod="0" mod="0" YAtParent="55">
                    <INPUTA Index="0" Type="10">
                        <PORT_INFLECTION_POS inflection_pos=""/>
                        <PORT_PRESSED_POS pressed_pos=""/>
                    </INPUTA>
                    <INPUTB Index="0" Type="0">
                        <PORT_INFLECTION_POS inflection_pos=""/>
                        <PORT_PRESSED_POS pressed_pos=""/>
                    </INPUTB>
                    <INPUTT Index="0" Type="0">
                        <PORT_INFLECTION_POS inflection_pos=""/>
                        <PORT_PRESSED_POS pressed_pos=""/>
                    </INPUTT>
                </BFU>
                <RCH_INPUT Index="0" id="0" Type="1" Address="3"/>
                <BFU Height="60" func="au" exp="" carry="0" id="1" Top="0" BypassExp="" Left="0" XAtParent="159" Width="90" Bypass="0" muMod="0" mod="0" YAtParent="55">
                    <INPUTA Index="1" Type="10">
                        <PORT_INFLECTION_POS inflection_pos=""/>
                        <PORT_PRESSED_POS pressed_pos=""/>
                    </INPUTA>
                    <INPUTB Index="0" Type="0">
                        <PORT_INFLECTION_POS inflection_pos=""/>
                        <PORT_PRESSED_POS pressed_pos=""/>
                    </INPUTB>
                    <INPUTT Index="0" Type="0">
                        <PORT_INFLECTION_POS inflection_pos=""/>
                        <PORT_PRESSED_POS pressed_pos=""/>
                    </INPUTT>
                </BFU>
                <RCH_INPUT Index="1" id="1" Type="1" Address="2"/>
                <BFU Height="60" func="au" exp="" carry="0" id="2" Top="0" BypassExp="" Left="0" XAtParent="269" Width="90" Bypass="0" muMod="0" mod="0" YAtParent="55">
                    <INPUTA Index="2" Type="10">
                        <PORT_INFLECTION_POS inflection_pos=""/>
                        <PORT_PRESSED_POS pressed_pos=""/>
                    </INPUTA>
                    <INPUTB Index="0" Type="0">
                        <PORT_INFLECTION_POS inflection_pos=""/>
                        <PORT_PRESSED_POS pressed_pos=""/>
                    </INPUTB>
                    <INPUTT Index="0" Type="0">
                        <PORT_INFLECTION_POS inflection_pos=""/>
                        <PORT_PRESSED_POS pressed_pos=""/>
                    </INPUTT>
                </BFU>
                <RCH_INPUT Index="2" id="2" Type="1" Address="7"/>
                <BFU Height="60" func="au" exp="" carry="0" id="3" Top="0" BypassExp="" Left="0" XAtParent="379" Width="90" Bypass="0" muMod="0" mod="0" YAtParent="55">
                    <INPUTA Index="3" Type="10">
                        <PORT_INFLECTION_POS inflection_pos=""/>
                        <PORT_PRESSED_POS pressed_pos=""/>
                    </INPUTA>
                    <INPUTB Index="0" Type="0">
                        <PORT_INFLECTION_POS inflection_pos=""/>
                        <PORT_PRESSED_POS pressed_pos=""/>
                    </INPUTB>
                    <INPUTT Index="0" Type="0">
                        <PORT_INFLECTION_POS inflection_pos=""/>
                        <PORT_PRESSED_POS pressed_pos=""/>
                    </INPUTT>
                </BFU>
                <RCH_INPUT Index="3" id="3" Type="1" Address="6"/>
            </RCU>
            <RCU Height="170" id="4" Top="0" Left="0" XAtParent="60" Width="924" YAtParent="908">
                <OUT_FIFO Index="0" id="0" Type="0">
                    <PORT_INFLECTION_POS inflection_pos=""/>
                    <PORT_PRESSED_POS pressed_pos=""/>
                </OUT_FIFO>
                <OUT_FIFO Index="0" id="1" Type="0">
                    <PORT_INFLECTION_POS inflection_pos=""/>
                    <PORT_PRESSED_POS pressed_pos=""/>
                </OUT_FIFO>
                <OUT_FIFO Index="0" id="2" Type="0">
                    <PORT_INFLECTION_POS inflection_pos=""/>
                    <PORT_PRESSED_POS pressed_pos=""/>
                </OUT_FIFO>
                <OUT_FIFO Index="0" id="3" Type="0">
                    <PORT_INFLECTION_POS inflection_pos=""/>
                    <PORT_PRESSED_POS pressed_pos=""/>
                </OUT_FIFO>
                <LOOP LOOP_times="1" LOOP_start_end="0"/>
                <MEM_WRITE addr="0" offset="0" mode="0" mask="15" threashold="0"/>
                <MEM_READ mode128_32="0" addr2="85" addr3="86" addr4="87" offset="0" mode="1" addr1="84" threashold="0"/>
                <RCH mode="0"/>
                <BFU Height="60" func="au" exp="" carry="0" id="0" Top="0" BypassExp="" Left="0" XAtParent="49" Width="90" Bypass="0" muMod="0" mod="0" YAtParent="55">
                    <INPUTA Index="0" Type="10">
                        <PORT_INFLECTION_POS inflection_pos=""/>
                        <PORT_PRESSED_POS pressed_pos=""/>
                    </INPUTA>
                    <INPUTB Index="0" Type="0">
                        <PORT_INFLECTION_POS inflection_pos=""/>
                        <PORT_PRESSED_POS pressed_pos=""/>
                    </INPUTB>
                    <INPUTT Index="0" Type="0">
                        <PORT_INFLECTION_POS inflection_pos=""/>
                        <PORT_PRESSED_POS pressed_pos=""/>
                    </INPUTT>
                </BFU>
                <RCH_INPUT Index="0" id="0" Type="1" Address="11"/>
                <BFU Height="60" func="au" exp="" carry="0" id="1" Top="0" BypassExp="" Left="0" XAtParent="159" Width="90" Bypass="0" muMod="0" mod="0" YAtParent="55">
                    <INPUTA Index="1" Type="10">
                        <PORT_INFLECTION_POS inflection_pos=""/>
                        <PORT_PRESSED_POS pressed_pos=""/>
                    </INPUTA>
                    <INPUTB Index="0" Type="0">
                        <PORT_INFLECTION_POS inflection_pos=""/>
                        <PORT_PRESSED_POS pressed_pos=""/>
                    </INPUTB>
                    <INPUTT Index="0" Type="0">
                        <PORT_INFLECTION_POS inflection_pos=""/>
                        <PORT_PRESSED_POS pressed_pos=""/>
                    </INPUTT>
                </BFU>
                <RCH_INPUT Index="1" id="1" Type="1" Address="10"/>
                <BFU Height="60" func="au" exp="" carry="0" id="2" Top="0" BypassExp="" Left="0" XAtParent="269" Width="90" Bypass="0" muMod="0" mod="0" YAtParent="55">
                    <INPUTA Index="2" Type="10">
                        <PORT_INFLECTION_POS inflection_pos=""/>
                        <PORT_PRESSED_POS pressed_pos=""/>
                    </INPUTA>
                    <INPUTB Index="0" Type="0">
                        <PORT_INFLECTION_POS inflection_pos=""/>
                        <PORT_PRESSED_POS pressed_pos=""/>
                    </INPUTB>
                    <INPUTT Index="0" Type="0">
                        <PORT_INFLECTION_POS inflection_pos=""/>
                        <PORT_PRESSED_POS pressed_pos=""/>
                    </INPUTT>
                </BFU>
                <RCH_INPUT Index="2" id="2" Type="1" Address="15"/>
                <BFU Height="60" func="au" exp="" carry="0" id="3" Top="0" BypassExp="" Left="0" XAtParent="379" Width="90" Bypass="0" muMod="0" mod="0" YAtParent="55">
                    <INPUTA Index="3" Type="10">
                        <PORT_INFLECTION_POS inflection_pos=""/>
                        <PORT_PRESSED_POS pressed_pos=""/>
                    </INPUTA>
                    <INPUTB Index="0" Type="0">
                        <PORT_INFLECTION_POS inflection_pos=""/>
                        <PORT_PRESSED_POS pressed_pos=""/>
                    </INPUTB>
                    <INPUTT Index="0" Type="0">
                        <PORT_INFLECTION_POS inflection_pos=""/>
                        <PORT_PRESSED_POS pressed_pos=""/>
                    </INPUTT>
                </BFU>
                <RCH_INPUT Index="3" id="3" Type="1" Address="14"/>
            </RCU>
            <RCU Height="170" id="5" Top="0" Left="0" XAtParent="60" Width="924" YAtParent="1126">
                <OUT_FIFO Index="0" id="0" Type="0">
                    <PORT_INFLECTION_POS inflection_pos=""/>
                    <PORT_PRESSED_POS pressed_pos=""/>
                </OUT_FIFO>
                <OUT_FIFO Index="0" id="1" Type="0">
                    <PORT_INFLECTION_POS inflection_pos=""/>
                    <PORT_PRESSED_POS pressed_pos=""/>
                </OUT_FIFO>
                <OUT_FIFO Index="0" id="2" Type="0">
                    <PORT_INFLECTION_POS inflection_pos=""/>
                    <PORT_PRESSED_POS pressed_pos=""/>
                </OUT_FIFO>
                <OUT_FIFO Index="0" id="3" Type="0">
                    <PORT_INFLECTION_POS inflection_pos=""/>
                    <PORT_PRESSED_POS pressed_pos=""/>
                </OUT_FIFO>
                <LOOP LOOP_times="16" LOOP_start_end="1"/>
                <MEM_WRITE addr="0" offset="0" mode="0" mask="15" threashold="0"/>
                <MEM_READ mode128_32="1" addr2="4" addr3="0" addr4="0" offset="1" mode="1" addr1="0" threashold="0"/>
                <RCH mode="2"/>
                <BFU Height="60" func="su" exp="A&lt;&lt;&lt;12" carry="0" id="0" Top="0" BypassExp="B&lt;&lt;&lt;9" Left="0" XAtParent="49" Width="90" Bypass="3" muMod="0" mod="0" YAtParent="55">
                    <INPUTA Index="3" Type="12">
                        <PORT_INFLECTION_POS inflection_pos=""/>
                        <PORT_PRESSED_POS pressed_pos=""/>
                    </INPUTA>
                    <INPUTB Index="2" Type="12">
                        <PORT_INFLECTION_POS inflection_pos=""/>
                        <PORT_PRESSED_POS pressed_pos=""/>
                    </INPUTB>
                    <INPUTT Index="0" Type="0">
                        <PORT_INFLECTION_POS inflection_pos=""/>
                        <PORT_PRESSED_POS pressed_pos=""/>
                    </INPUTT>
                </BFU>
                <RCH_INPUT Index="0" id="1" Type="2" Address="0"/>
                <BFU Height="60" func="lu" exp="A^B^T" carry="0" id="1" Top="0" BypassExp="" Left="0" XAtParent="159" Width="90" Bypass="0" muMod="0" mod="0" YAtParent="55">
                    <INPUTA Index="3" Type="12">
                        <PORT_INFLECTION_POS inflection_pos=""/>
                        <PORT_PRESSED_POS pressed_pos=""/>
                    </INPUTA>
                    <INPUTB Index="2" Type="12">
                        <PORT_INFLECTION_POS inflection_pos=""/>
                        <PORT_PRESSED_POS pressed_pos=""/>
                    </INPUTB>
                    <INPUTT Index="7" Type="12">
                        <PORT_INFLECTION_POS inflection_pos=""/>
                        <PORT_PRESSED_POS pressed_pos=""/>
                    </INPUTT>
                </BFU>
                <BFU Height="60" func="au" exp="A+B" carry="0" id="2" Top="0" BypassExp="" Left="0" XAtParent="269" Width="90" Bypass="0" muMod="0" mod="0" YAtParent="55">
                    <INPUTA Index="11" Type="12">
                        <PORT_INFLECTION_POS inflection_pos=""/>
                        <PORT_PRESSED_POS pressed_pos=""/>
                    </INPUTA>
                    <INPUTB Index="0" Type="1">
                        <PORT_INFLECTION_POS inflection_pos="-227,53;7,53"/>
                        <PORT_PRESSED_POS pressed_pos=""/>
                    </INPUTB>
                    <INPUTT Index="0" Type="0">
                        <PORT_INFLECTION_POS inflection_pos=""/>
                        <PORT_PRESSED_POS pressed_pos=""/>
                    </INPUTT>
                </BFU>
                <BFU Height="60" func="au" exp="A+B" carry="0" id="3" Top="0" BypassExp="" Left="0" XAtParent="379" Width="90" Bypass="0" muMod="0" mod="0" YAtParent="55">
                    <INPUTA Index="1" Type="1">
                        <PORT_INFLECTION_POS inflection_pos="-206,45;7,45"/>
                        <PORT_PRESSED_POS pressed_pos=""/>
                    </INPUTA>
                    <INPUTB Index="6" Type="12">
                        <PORT_INFLECTION_POS inflection_pos=""/>
                        <PORT_PRESSED_POS pressed_pos=""/>
                    </INPUTB>
                    <INPUTT Index="0" Type="0">
                        <PORT_INFLECTION_POS inflection_pos=""/>
                        <PORT_PRESSED_POS pressed_pos=""/>
                    </INPUTT>
                </BFU>
                <BFU Height="60" func="lu" exp="A^B^T" carry="0" id="4" Top="0" BypassExp="" Left="0" XAtParent="489" Width="90" Bypass="0" muMod="0" mod="0" YAtParent="55">
                    <INPUTA Index="11" Type="12">
                        <PORT_INFLECTION_POS inflection_pos=""/>
                        <PORT_PRESSED_POS pressed_pos=""/>
                    </INPUTA>
                    <INPUTB Index="10" Type="12">
                        <PORT_INFLECTION_POS inflection_pos=""/>
                        <PORT_PRESSED_POS pressed_pos=""/>
                    </INPUTB>
                    <INPUTT Index="15" Type="12">
                        <PORT_INFLECTION_POS inflection_pos=""/>
                        <PORT_PRESSED_POS pressed_pos=""/>
                    </INPUTT>
                </BFU>
                <BFU Height="60" func="au" exp="A+B" carry="0" id="5" Top="0" BypassExp="" Left="0" XAtParent="599" Width="90" Bypass="2" muMod="0" mod="0" YAtParent="55">
                    <INPUTA Index="4" Type="1">
                        <PORT_INFLECTION_POS inflection_pos="-96,53;7,53"/>
                        <PORT_PRESSED_POS pressed_pos=""/>
                    </INPUTA>
                    <INPUTB Index="14" Type="12">
                        <PORT_INFLECTION_POS inflection_pos=""/>
                        <PORT_PRESSED_POS pressed_pos=""/>
                    </INPUTB>
                    <INPUTT Index="0" Type="1">
                        <PORT_INFLECTION_POS inflection_pos="-578,53;7,53"/>
                        <PORT_PRESSED_POS pressed_pos=""/>
                    </INPUTT>
                </BFU>
                <BFU Height="60" func="au" exp="A+B" carry="0" id="6" Top="0" BypassExp="" Left="0" XAtParent="709" Width="90" Bypass="0" muMod="0" mod="0" YAtParent="55">
                    <INPUTA Index="2" Type="1">
                        <PORT_INFLECTION_POS inflection_pos="-426,37;7,37"/>
                        <PORT_PRESSED_POS pressed_pos=""/>
                    </INPUTA>
                    <INPUTB Index="0" Type="11">
                        <PORT_INFLECTION_POS inflection_pos=""/>
                        <PORT_PRESSED_POS pressed_pos=""/>
                    </INPUTB>
                    <INPUTT Index="0" Type="0">
                        <PORT_INFLECTION_POS inflection_pos=""/>
                        <PORT_PRESSED_POS pressed_pos=""/>
                    </INPUTT>
                </BFU>
                <BFU Height="60" func="su" exp="A&lt;&lt;&lt;19" carry="0" id="7" Top="0" BypassExp="" Left="0" XAtParent="809" Width="90" Bypass="0" muMod="0" mod="0" YAtParent="55">
                    <INPUTA Index="10" Type="12">
                        <PORT_INFLECTION_POS inflection_pos=""/>
                        <PORT_PRESSED_POS pressed_pos=""/>
                    </INPUTA>
                    <INPUTB Index="0" Type="0">
                        <PORT_INFLECTION_POS inflection_pos=""/>
                        <PORT_PRESSED_POS pressed_pos=""/>
                    </INPUTB>
                    <INPUTT Index="0" Type="0">
                        <PORT_INFLECTION_POS inflection_pos=""/>
                        <PORT_PRESSED_POS pressed_pos=""/>
                    </INPUTT>
                </BFU>
                <RCH_INPUT Index="7" id="3" Type="1" Address="0"/>
            </RCU>
            <RCU Height="170" id="6" Top="0" Left="0" XAtParent="60" Width="924" YAtParent="1353">
                <OUT_FIFO Index="0" id="0" Type="0">
                    <PORT_INFLECTION_POS inflection_pos=""/>
                    <PORT_PRESSED_POS pressed_pos=""/>
                </OUT_FIFO>
                <OUT_FIFO Index="0" id="1" Type="0">
                    <PORT_INFLECTION_POS inflection_pos=""/>
                    <PORT_PRESSED_POS pressed_pos=""/>
                </OUT_FIFO>
                <OUT_FIFO Index="0" id="2" Type="0">
                    <PORT_INFLECTION_POS inflection_pos=""/>
                    <PORT_PRESSED_POS pressed_pos=""/>
                </OUT_FIFO>
                <OUT_FIFO Index="0" id="3" Type="0">
                    <PORT_INFLECTION_POS inflection_pos=""/>
                    <PORT_PRESSED_POS pressed_pos=""/>
                </OUT_FIFO>
                <LOOP LOOP_times="16" LOOP_start_end="2"/>
                <MEM_WRITE addr="0" offset="0" mode="0" mask="15" threashold="0"/>
                <MEM_READ mode128_32="1" addr2="4" addr3="0" addr4="0" offset="1" mode="1" addr1="0" threashold="0"/>
                <RCH mode="2"/>
                <BFU Height="60" func="su" exp="A^(B&lt;&lt;&lt;7)" carry="0" id="0" Top="0" BypassExp="B&lt;&lt;&lt;7" Left="0" XAtParent="49" Width="90" Bypass="3" muMod="0" mod="0" YAtParent="55">
                    <INPUTA Index="5" Type="6">
                        <PORT_INFLECTION_POS inflection_pos="592,-152;7,-152"/>
                        <PORT_PRESSED_POS pressed_pos=""/>
                    </INPUTA>
                    <INPUTB Index="6" Type="5">
                        <PORT_INFLECTION_POS inflection_pos="653,-148;7,-148"/>
                        <PORT_PRESSED_POS pressed_pos=""/>
                    </INPUTB>
                    <INPUTT Index="0" Type="0">
                        <PORT_INFLECTION_POS inflection_pos=""/>
                        <PORT_PRESSED_POS pressed_pos=""/>
                    </INPUTT>
                </BFU>
                <BFU Height="60" func="au" exp="(A^T)+B" carry="0" id="1" Top="0" BypassExp="" Left="0" XAtParent="158" Width="90" Bypass="0" muMod="0" mod="0" YAtParent="55">
                    <INPUTA Index="0" Type="10">
                        <PORT_INFLECTION_POS inflection_pos=""/>
                        <PORT_PRESSED_POS pressed_pos=""/>
                    </INPUTA>
                    <INPUTB Index="0" Type="1">
                        <PORT_INFLECTION_POS inflection_pos="-116,53;7,53"/>
                        <PORT_PRESSED_POS pressed_pos=""/>
                    </INPUTB>
                    <INPUTT Index="1" Type="10">
                        <PORT_INFLECTION_POS inflection_pos=""/>
                        <PORT_PRESSED_POS pressed_pos=""/>
                    </INPUTT>
                </BFU>
                <BFU Height="60" func="au" exp="A+B" carry="0" id="2" Top="0" BypassExp="" Left="0" XAtParent="269" Width="90" Bypass="0" muMod="0" mod="0" YAtParent="55">
                    <INPUTA Index="3" Type="5">
                        <PORT_INFLECTION_POS inflection_pos="124,-140;7,-140"/>
                        <PORT_PRESSED_POS pressed_pos=""/>
                    </INPUTA>
                    <INPUTB Index="1" Type="1">
                        <PORT_INFLECTION_POS inflection_pos="-118,45;7,45"/>
                        <PORT_PRESSED_POS pressed_pos=""/>
                    </INPUTB>
                    <INPUTT Index="0" Type="0">
                        <PORT_INFLECTION_POS inflection_pos=""/>
                        <PORT_PRESSED_POS pressed_pos=""/>
                    </INPUTT>
                </BFU>
                <RCH_INPUT Index="2" id="0" Type="1" Address="0"/>
                <BFU Height="60" func="au" exp="A+B" carry="0" id="3" Top="0" BypassExp="" Left="0" XAtParent="379" Width="90" Bypass="0" muMod="0" mod="0" YAtParent="55">
                    <INPUTA Index="0" Type="10">
                        <PORT_INFLECTION_POS inflection_pos=""/>
                        <PORT_PRESSED_POS pressed_pos=""/>
                    </INPUTA>
                    <INPUTB Index="0" Type="2">
                        <PORT_INFLECTION_POS inflection_pos="-309,49;7,49"/>
                        <PORT_PRESSED_POS pressed_pos=""/>
                    </INPUTB>
                    <INPUTT Index="0" Type="0">
                        <PORT_INFLECTION_POS inflection_pos=""/>
                        <PORT_PRESSED_POS pressed_pos=""/>
                    </INPUTT>
                </BFU>
                <BFU Height="60" func="au" exp="A+B" carry="0" id="4" Top="0" BypassExp="" Left="0" XAtParent="489" Width="90" Bypass="0" muMod="0" mod="0" YAtParent="55">
                    <INPUTA Index="3" Type="1">
                        <PORT_INFLECTION_POS inflection_pos="-96,29;7,29"/>
                        <PORT_PRESSED_POS pressed_pos=""/>
                    </INPUTA>
                    <INPUTB Index="5" Type="5">
                        <PORT_INFLECTION_POS inflection_pos="103,-156;7,-156"/>
                        <PORT_PRESSED_POS pressed_pos=""/>
                    </INPUTB>
                    <INPUTT Index="0" Type="0">
                        <PORT_INFLECTION_POS inflection_pos=""/>
                        <PORT_PRESSED_POS pressed_pos=""/>
                    </INPUTT>
                </BFU>
                <BFU Height="60" func="su" exp="(A&lt;&lt;&lt;9)^(B&lt;&lt;&lt;17)^A" carry="0" id="5" Top="0" BypassExp="" Left="0" XAtParent="599" Width="90" Bypass="0" muMod="0" mod="0" YAtParent="55">
                    <INPUTA Index="4" Type="1">
                        <PORT_INFLECTION_POS inflection_pos="-96,53;7,53"/>
                        <PORT_PRESSED_POS pressed_pos=""/>
                    </INPUTA>
                    <INPUTB Index="4" Type="1">
                        <PORT_INFLECTION_POS inflection_pos="-117,53;7,53"/>
                        <PORT_PRESSED_POS pressed_pos=""/>
                    </INPUTB>
                    <INPUTT Index="0" Type="0">
                        <PORT_INFLECTION_POS inflection_pos=""/>
                        <PORT_PRESSED_POS pressed_pos=""/>
                    </INPUTT>
                </BFU>
                <RCH_INPUT Index="5" id="2" Type="1" Address="0"/>
            </RCU>
            <RCU Height="170" id="7" Top="0" Left="0" XAtParent="60" Width="924" YAtParent="1564">
                <OUT_FIFO Index="0" id="0" Type="0">
                    <PORT_INFLECTION_POS inflection_pos=""/>
                    <PORT_PRESSED_POS pressed_pos=""/>
                </OUT_FIFO>
                <OUT_FIFO Index="0" id="1" Type="0">
                    <PORT_INFLECTION_POS inflection_pos=""/>
                    <PORT_PRESSED_POS pressed_pos=""/>
                </OUT_FIFO>
                <OUT_FIFO Index="0" id="2" Type="0">
                    <PORT_INFLECTION_POS inflection_pos=""/>
                    <PORT_PRESSED_POS pressed_pos=""/>
                </OUT_FIFO>
                <OUT_FIFO Index="0" id="3" Type="0">
                    <PORT_INFLECTION_POS inflection_pos=""/>
                    <PORT_PRESSED_POS pressed_pos=""/>
                </OUT_FIFO>
                <LOOP LOOP_times="48" LOOP_start_end="1"/>
                <MEM_WRITE addr="0" offset="0" mode="0" mask="15" threashold="0"/>
                <MEM_READ mode128_32="1" addr2="4" addr3="0" addr4="0" offset="1" mode="1" addr1="0" threashold="0"/>
                <RCH mode="2"/>
                <BFU Height="60" func="su" exp="A&lt;&lt;&lt;12" carry="0" id="0" Top="0" BypassExp="B&lt;&lt;&lt;9" Left="0" XAtParent="49" Width="90" Bypass="3" muMod="0" mod="0" YAtParent="55">
                    <INPUTA Index="3" Type="12">
                        <PORT_INFLECTION_POS inflection_pos=""/>
                        <PORT_PRESSED_POS pressed_pos=""/>
                    </INPUTA>
                    <INPUTB Index="2" Type="12">
                        <PORT_INFLECTION_POS inflection_pos=""/>
                        <PORT_PRESSED_POS pressed_pos=""/>
                    </INPUTB>
                    <INPUTT Index="0" Type="0">
                        <PORT_INFLECTION_POS inflection_pos=""/>
                        <PORT_PRESSED_POS pressed_pos=""/>
                    </INPUTT>
                </BFU>
                <RCH_INPUT Index="0" id="1" Type="2" Address="0"/>
                <BFU Height="60" func="lu" exp="(A&amp;B)|((A&amp;T)|(B&amp;T))" carry="0" id="1" Top="0" BypassExp="" Left="0" XAtParent="159" Width="90" Bypass="0" muMod="0" mod="0" YAtParent="55">
                    <INPUTA Index="3" Type="12">
                        <PORT_INFLECTION_POS inflection_pos=""/>
                        <PORT_PRESSED_POS pressed_pos=""/>
                    </INPUTA>
                    <INPUTB Index="2" Type="12">
                        <PORT_INFLECTION_POS inflection_pos=""/>
                        <PORT_PRESSED_POS pressed_pos=""/>
                    </INPUTB>
                    <INPUTT Index="7" Type="12">
                        <PORT_INFLECTION_POS inflection_pos=""/>
                        <PORT_PRESSED_POS pressed_pos=""/>
                    </INPUTT>
                </BFU>
                <BFU Height="60" func="au" exp="A+B" carry="0" id="2" Top="0" BypassExp="" Left="0" XAtParent="269" Width="90" Bypass="0" muMod="0" mod="0" YAtParent="55">
                    <INPUTA Index="11" Type="12">
                        <PORT_INFLECTION_POS inflection_pos=""/>
                        <PORT_PRESSED_POS pressed_pos=""/>
                    </INPUTA>
                    <INPUTB Index="0" Type="1">
                        <PORT_INFLECTION_POS inflection_pos="-227,53;7,53"/>
                        <PORT_PRESSED_POS pressed_pos=""/>
                    </INPUTB>
                    <INPUTT Index="0" Type="0">
                        <PORT_INFLECTION_POS inflection_pos=""/>
                        <PORT_PRESSED_POS pressed_pos=""/>
                    </INPUTT>
                </BFU>
                <BFU Height="60" func="au" exp="A+B" carry="0" id="3" Top="0" BypassExp="" Left="0" XAtParent="379" Width="90" Bypass="0" muMod="0" mod="0" YAtParent="55">
                    <INPUTA Index="1" Type="1">
                        <PORT_INFLECTION_POS inflection_pos="-206,45;7,45"/>
                        <PORT_PRESSED_POS pressed_pos=""/>
                    </INPUTA>
                    <INPUTB Index="6" Type="12">
                        <PORT_INFLECTION_POS inflection_pos=""/>
                        <PORT_PRESSED_POS pressed_pos=""/>
                    </INPUTB>
                    <INPUTT Index="0" Type="0">
                        <PORT_INFLECTION_POS inflection_pos=""/>
                        <PORT_PRESSED_POS pressed_pos=""/>
                    </INPUTT>
                </BFU>
                <BFU Height="60" func="lu" exp="(A&amp;B)|(~A&amp;T)" carry="0" id="4" Top="0" BypassExp="" Left="0" XAtParent="489" Width="90" Bypass="0" muMod="0" mod="0" YAtParent="55">
                    <INPUTA Index="11" Type="12">
                        <PORT_INFLECTION_POS inflection_pos=""/>
                        <PORT_PRESSED_POS pressed_pos=""/>
                    </INPUTA>
                    <INPUTB Index="10" Type="12">
                        <PORT_INFLECTION_POS inflection_pos=""/>
                        <PORT_PRESSED_POS pressed_pos=""/>
                    </INPUTB>
                    <INPUTT Index="15" Type="12">
                        <PORT_INFLECTION_POS inflection_pos=""/>
                        <PORT_PRESSED_POS pressed_pos=""/>
                    </INPUTT>
                </BFU>
                <BFU Height="60" func="au" exp="A+B" carry="0" id="5" Top="0" BypassExp="" Left="0" XAtParent="599" Width="90" Bypass="2" muMod="0" mod="0" YAtParent="55">
                    <INPUTA Index="4" Type="1">
                        <PORT_INFLECTION_POS inflection_pos="-96,53;7,53"/>
                        <PORT_PRESSED_POS pressed_pos=""/>
                    </INPUTA>
                    <INPUTB Index="14" Type="12">
                        <PORT_INFLECTION_POS inflection_pos=""/>
                        <PORT_PRESSED_POS pressed_pos=""/>
                    </INPUTB>
                    <INPUTT Index="0" Type="1">
                        <PORT_INFLECTION_POS inflection_pos="-578,53;7,53"/>
                        <PORT_PRESSED_POS pressed_pos=""/>
                    </INPUTT>
                </BFU>
                <BFU Height="60" func="au" exp="A+B" carry="0" id="6" Top="0" BypassExp="" Left="0" XAtParent="709" Width="90" Bypass="0" muMod="0" mod="0" YAtParent="55">
                    <INPUTA Index="2" Type="1">
                        <PORT_INFLECTION_POS inflection_pos="-426,37;7,37"/>
                        <PORT_PRESSED_POS pressed_pos=""/>
                    </INPUTA>
                    <INPUTB Index="0" Type="11">
                        <PORT_INFLECTION_POS inflection_pos=""/>
                        <PORT_PRESSED_POS pressed_pos=""/>
                    </INPUTB>
                    <INPUTT Index="0" Type="0">
                        <PORT_INFLECTION_POS inflection_pos=""/>
                        <PORT_PRESSED_POS pressed_pos=""/>
                    </INPUTT>
                </BFU>
                <BFU Height="60" func="su" exp="A&lt;&lt;&lt;19" carry="0" id="7" Top="0" BypassExp="" Left="0" XAtParent="809" Width="90" Bypass="0" muMod="0" mod="0" YAtParent="55">
                    <INPUTA Index="10" Type="12">
                        <PORT_INFLECTION_POS inflection_pos=""/>
                        <PORT_PRESSED_POS pressed_pos=""/>
                    </INPUTA>
                    <INPUTB Index="0" Type="0">
                        <PORT_INFLECTION_POS inflection_pos=""/>
                        <PORT_PRESSED_POS pressed_pos=""/>
                    </INPUTB>
                    <INPUTT Index="0" Type="0">
                        <PORT_INFLECTION_POS inflection_pos=""/>
                        <PORT_PRESSED_POS pressed_pos=""/>
                    </INPUTT>
                </BFU>
                <RCH_INPUT Index="7" id="3" Type="1" Address="0"/>
            </RCU>
            <RCU Height="170" id="8" Top="0" Left="0" XAtParent="60" Width="924" YAtParent="1789">
                <OUT_FIFO Index="0" id="0" Type="0">
                    <PORT_INFLECTION_POS inflection_pos=""/>
                    <PORT_PRESSED_POS pressed_pos=""/>
                </OUT_FIFO>
                <OUT_FIFO Index="0" id="1" Type="0">
                    <PORT_INFLECTION_POS inflection_pos=""/>
                    <PORT_PRESSED_POS pressed_pos=""/>
                </OUT_FIFO>
                <OUT_FIFO Index="0" id="2" Type="0">
                    <PORT_INFLECTION_POS inflection_pos=""/>
                    <PORT_PRESSED_POS pressed_pos=""/>
                </OUT_FIFO>
                <OUT_FIFO Index="0" id="3" Type="0">
                    <PORT_INFLECTION_POS inflection_pos=""/>
                    <PORT_PRESSED_POS pressed_pos=""/>
                </OUT_FIFO>
                <LOOP LOOP_times="48" LOOP_start_end="2"/>
                <MEM_WRITE addr="0" offset="0" mode="0" mask="15" threashold="0"/>
                <MEM_READ mode128_32="1" addr2="20" addr3="16" addr4="16" offset="1" mode="1" addr1="16" threashold="0"/>
                <RCH mode="2"/>
                <BFU Height="60" func="su" exp="A^(B&lt;&lt;&lt;7)" carry="0" id="0" Top="0" BypassExp="" Left="0" XAtParent="49" Width="90" Bypass="3" muMod="0" mod="0" YAtParent="55">
                    <INPUTA Index="5" Type="6">
                        <PORT_INFLECTION_POS inflection_pos="592,-150;7,-150"/>
                        <PORT_PRESSED_POS pressed_pos=""/>
                    </INPUTA>
                    <INPUTB Index="6" Type="5">
                        <PORT_INFLECTION_POS inflection_pos="653,-146;7,-146"/>
                        <PORT_PRESSED_POS pressed_pos=""/>
                    </INPUTB>
                    <INPUTT Index="0" Type="0">
                        <PORT_INFLECTION_POS inflection_pos=""/>
                        <PORT_PRESSED_POS pressed_pos=""/>
                    </INPUTT>
                </BFU>
                <BFU Height="60" func="au" exp="(A^T)+B" carry="0" id="1" Top="0" BypassExp="" Left="0" XAtParent="159" Width="90" Bypass="0" muMod="0" mod="0" YAtParent="55">
                    <INPUTA Index="0" Type="10">
                        <PORT_INFLECTION_POS inflection_pos=""/>
                        <PORT_PRESSED_POS pressed_pos=""/>
                    </INPUTA>
                    <INPUTB Index="0" Type="1">
                        <PORT_INFLECTION_POS inflection_pos="-117,53;7,53"/>
                        <PORT_PRESSED_POS pressed_pos=""/>
                    </INPUTB>
                    <INPUTT Index="1" Type="10">
                        <PORT_INFLECTION_POS inflection_pos=""/>
                        <PORT_PRESSED_POS pressed_pos=""/>
                    </INPUTT>
                </BFU>
                <BFU Height="60" func="au" exp="A+B" carry="0" id="2" Top="0" BypassExp="" Left="0" XAtParent="269" Width="90" Bypass="0" muMod="0" mod="0" YAtParent="55">
                    <INPUTA Index="3" Type="5">
                        <PORT_INFLECTION_POS inflection_pos="124,-138;7,-138"/>
                        <PORT_PRESSED_POS pressed_pos=""/>
                    </INPUTA>
                    <INPUTB Index="1" Type="1">
                        <PORT_INFLECTION_POS inflection_pos="-117,45;7,45"/>
                        <PORT_PRESSED_POS pressed_pos=""/>
                    </INPUTB>
                    <INPUTT Index="0" Type="0">
                        <PORT_INFLECTION_POS inflection_pos=""/>
                        <PORT_PRESSED_POS pressed_pos=""/>
                    </INPUTT>
                </BFU>
                <RCH_INPUT Index="2" id="0" Type="1" Address="0"/>
                <BFU Height="60" func="au" exp="A+B" carry="0" id="3" Top="0" BypassExp="" Left="0" XAtParent="379" Width="90" Bypass="0" muMod="0" mod="0" YAtParent="55">
                    <INPUTA Index="0" Type="10">
                        <PORT_INFLECTION_POS inflection_pos=""/>
                        <PORT_PRESSED_POS pressed_pos=""/>
                    </INPUTA>
                    <INPUTB Index="0" Type="2">
                        <PORT_INFLECTION_POS inflection_pos="-309,49;7,49"/>
                        <PORT_PRESSED_POS pressed_pos=""/>
                    </INPUTB>
                    <INPUTT Index="0" Type="0">
                        <PORT_INFLECTION_POS inflection_pos=""/>
                        <PORT_PRESSED_POS pressed_pos=""/>
                    </INPUTT>
                </BFU>
                <BFU Height="60" func="au" exp="A+B" carry="0" id="4" Top="0" BypassExp="" Left="0" XAtParent="489" Width="90" Bypass="0" muMod="0" mod="0" YAtParent="55">
                    <INPUTA Index="3" Type="1">
                        <PORT_INFLECTION_POS inflection_pos="-96,29;7,29"/>
                        <PORT_PRESSED_POS pressed_pos=""/>
                    </INPUTA>
                    <INPUTB Index="5" Type="5">
                        <PORT_INFLECTION_POS inflection_pos="103,-154;7,-154"/>
                        <PORT_PRESSED_POS pressed_pos=""/>
                    </INPUTB>
                    <INPUTT Index="0" Type="0">
                        <PORT_INFLECTION_POS inflection_pos=""/>
                        <PORT_PRESSED_POS pressed_pos=""/>
                    </INPUTT>
                </BFU>
                <BFU Height="60" func="su" exp="(A&lt;&lt;&lt;9)^(B&lt;&lt;&lt;17)^A" carry="0" id="5" Top="0" BypassExp="" Left="0" XAtParent="599" Width="90" Bypass="0" muMod="0" mod="0" YAtParent="55">
                    <INPUTA Index="4" Type="1">
                        <PORT_INFLECTION_POS inflection_pos="-96,53;7,53"/>
                        <PORT_PRESSED_POS pressed_pos=""/>
                    </INPUTA>
                    <INPUTB Index="4" Type="1">
                        <PORT_INFLECTION_POS inflection_pos="-117,53;7,53"/>
                        <PORT_PRESSED_POS pressed_pos=""/>
                    </INPUTB>
                    <INPUTT Index="0" Type="0">
                        <PORT_INFLECTION_POS inflection_pos=""/>
                        <PORT_PRESSED_POS pressed_pos=""/>
                    </INPUTT>
                </BFU>
                <RCH_INPUT Index="5" id="2" Type="1" Address="0"/>
            </RCU>
            <RCU Height="170" id="9" Top="0" Left="0" XAtParent="60" Width="924" YAtParent="2009">
                <OUT_FIFO Index="0" id="0" Type="4">
                    <PORT_INFLECTION_POS inflection_pos="332,-18;7,-18"/>
                    <PORT_PRESSED_POS pressed_pos=""/>
                </OUT_FIFO>
                <OUT_FIFO Index="1" id="1" Type="4">
                    <PORT_INFLECTION_POS inflection_pos="172,-14;7,-14"/>
                    <PORT_PRESSED_POS pressed_pos=""/>
                </OUT_FIFO>
                <OUT_FIFO Index="2" id="2" Type="4">
                    <PORT_INFLECTION_POS inflection_pos="12,-10;7,-10"/>
                    <PORT_PRESSED_POS pressed_pos=""/>
                </OUT_FIFO>
                <OUT_FIFO Index="3" id="3" Type="4">
                    <PORT_INFLECTION_POS inflection_pos="-148,-6;7,-6"/>
                    <PORT_PRESSED_POS pressed_pos=""/>
                </OUT_FIFO>
                <LOOP LOOP_times="1" LOOP_start_end="3"/>
                <MEM_WRITE addr="0" offset="0" mode="1" mask="15" threashold="0"/>
                <MEM_READ mode128_32="0" addr2="81" addr3="82" addr4="83" offset="0" mode="1" addr1="80" threashold="0"/>
                <RCH mode="0"/>
                <BFU Height="60" func="lu" exp="A^B" carry="0" id="0" Top="0" BypassExp="" Left="0" XAtParent="49" Width="90" Bypass="0" muMod="0" mod="0" YAtParent="55">
                    <INPUTA Index="0" Type="10">
                        <PORT_INFLECTION_POS inflection_pos=""/>
                        <PORT_PRESSED_POS pressed_pos=""/>
                    </INPUTA>
                    <INPUTB Index="3" Type="12">
                        <PORT_INFLECTION_POS inflection_pos=""/>
                        <PORT_PRESSED_POS pressed_pos=""/>
                    </INPUTB>
                    <INPUTT Index="0" Type="0">
                        <PORT_INFLECTION_POS inflection_pos=""/>
                        <PORT_PRESSED_POS pressed_pos=""/>
                    </INPUTT>
                </BFU>
                <BFU Height="60" func="lu" exp="A^B" carry="0" id="1" Top="0" BypassExp="" Left="0" XAtParent="159" Width="90" Bypass="0" muMod="0" mod="0" YAtParent="55">
                    <INPUTA Index="1" Type="10">
                        <PORT_INFLECTION_POS inflection_pos=""/>
                        <PORT_PRESSED_POS pressed_pos=""/>
                    </INPUTA>
                    <INPUTB Index="2" Type="12">
                        <PORT_INFLECTION_POS inflection_pos=""/>
                        <PORT_PRESSED_POS pressed_pos=""/>
                    </INPUTB>
                    <INPUTT Index="0" Type="0">
                        <PORT_INFLECTION_POS inflection_pos=""/>
                        <PORT_PRESSED_POS pressed_pos=""/>
                    </INPUTT>
                </BFU>
                <BFU Height="60" func="lu" exp="A^B" carry="0" id="2" Top="0" BypassExp="" Left="0" XAtParent="269" Width="90" Bypass="0" muMod="0" mod="0" YAtParent="55">
                    <INPUTA Index="2" Type="10">
                        <PORT_INFLECTION_POS inflection_pos=""/>
                        <PORT_PRESSED_POS pressed_pos=""/>
                    </INPUTA>
                    <INPUTB Index="7" Type="12">
                        <PORT_INFLECTION_POS inflection_pos=""/>
                        <PORT_PRESSED_POS pressed_pos=""/>
                    </INPUTB>
                    <INPUTT Index="0" Type="0">
                        <PORT_INFLECTION_POS inflection_pos=""/>
                        <PORT_PRESSED_POS pressed_pos=""/>
                    </INPUTT>
                </BFU>
                <BFU Height="60" func="lu" exp="A^B" carry="0" id="3" Top="0" BypassExp="" Left="0" XAtParent="379" Width="90" Bypass="0" muMod="0" mod="0" YAtParent="55">
                    <INPUTA Index="3" Type="10">
                        <PORT_INFLECTION_POS inflection_pos=""/>
                        <PORT_PRESSED_POS pressed_pos=""/>
                    </INPUTA>
                    <INPUTB Index="6" Type="12">
                        <PORT_INFLECTION_POS inflection_pos=""/>
                        <PORT_PRESSED_POS pressed_pos=""/>
                    </INPUTB>
                    <INPUTT Index="0" Type="0">
                        <PORT_INFLECTION_POS inflection_pos=""/>
                        <PORT_PRESSED_POS pressed_pos=""/>
                    </INPUTT>
                </BFU>
                <BENES Height="60" id="0" Top="0" src=":/sm3_benes.benes" Left="0" XAtParent="489" Width="120" YAtParent="55">
                    <INPUT Index="0" id="0" Type="1">
                        <PORT_INFLECTION_POS inflection_pos="-427.8,53;7,53"/>
                        <PORT_PRESSED_POS pressed_pos=""/>
                    </INPUT>
                    <INPUT Index="1" id="1" Type="1">
                        <PORT_INFLECTION_POS inflection_pos="-340.6,45;7,45"/>
                        <PORT_PRESSED_POS pressed_pos=""/>
                    </INPUT>
                    <INPUT Index="2" id="2" Type="1">
                        <PORT_INFLECTION_POS inflection_pos="-253.4,37;7,37"/>
                        <PORT_PRESSED_POS pressed_pos=""/>
                    </INPUT>
                    <INPUT Index="3" id="3" Type="1">
                        <PORT_INFLECTION_POS inflection_pos="-166.2,29;7,29"/>
                        <PORT_PRESSED_POS pressed_pos=""/>
                    </INPUT>
                </BENES>
            </RCU>
            <RCU Height="170" id="10" Top="0" Left="0" XAtParent="60" Width="924" YAtParent="2230">
                <OUT_FIFO Index="0" id="0" Type="4">
                    <PORT_INFLECTION_POS inflection_pos="332,-18;7,-18"/>
                    <PORT_PRESSED_POS pressed_pos=""/>
                </OUT_FIFO>
                <OUT_FIFO Index="1" id="1" Type="4">
                    <PORT_INFLECTION_POS inflection_pos="172,-14;7,-14"/>
                    <PORT_PRESSED_POS pressed_pos=""/>
                </OUT_FIFO>
                <OUT_FIFO Index="2" id="2" Type="4">
                    <PORT_INFLECTION_POS inflection_pos="12,-10;7,-10"/>
                    <PORT_PRESSED_POS pressed_pos=""/>
                </OUT_FIFO>
                <OUT_FIFO Index="3" id="3" Type="4">
                    <PORT_INFLECTION_POS inflection_pos="-148,-6;7,-6"/>
                    <PORT_PRESSED_POS pressed_pos=""/>
                </OUT_FIFO>
                <LOOP LOOP_times="1" LOOP_start_end="3"/>
                <MEM_WRITE addr="0" offset="0" mode="1" mask="15" threashold="0"/>
                <MEM_READ mode128_32="0" addr2="85" addr3="86" addr4="87" offset="0" mode="1" addr1="84" threashold="0"/>
                <RCH mode="0"/>
                <BFU Height="60" func="lu" exp="A^B" carry="0" id="0" Top="0" BypassExp="" Left="0" XAtParent="49" Width="90" Bypass="0" muMod="0" mod="0" YAtParent="55">
                    <INPUTA Index="0" Type="10">
                        <PORT_INFLECTION_POS inflection_pos=""/>
                        <PORT_PRESSED_POS pressed_pos=""/>
                    </INPUTA>
                    <INPUTB Index="11" Type="12">
                        <PORT_INFLECTION_POS inflection_pos=""/>
                        <PORT_PRESSED_POS pressed_pos=""/>
                    </INPUTB>
                    <INPUTT Index="0" Type="0">
                        <PORT_INFLECTION_POS inflection_pos=""/>
                        <PORT_PRESSED_POS pressed_pos=""/>
                    </INPUTT>
                </BFU>
                <BFU Height="60" func="lu" exp="A^B" carry="0" id="1" Top="0" BypassExp="" Left="0" XAtParent="159" Width="90" Bypass="0" muMod="0" mod="0" YAtParent="55">
                    <INPUTA Index="1" Type="10">
                        <PORT_INFLECTION_POS inflection_pos=""/>
                        <PORT_PRESSED_POS pressed_pos=""/>
                    </INPUTA>
                    <INPUTB Index="10" Type="12">
                        <PORT_INFLECTION_POS inflection_pos=""/>
                        <PORT_PRESSED_POS pressed_pos=""/>
                    </INPUTB>
                    <INPUTT Index="0" Type="0">
                        <PORT_INFLECTION_POS inflection_pos=""/>
                        <PORT_PRESSED_POS pressed_pos=""/>
                    </INPUTT>
                </BFU>
                <BFU Height="60" func="lu" exp="A^B" carry="0" id="2" Top="0" BypassExp="" Left="0" XAtParent="269" Width="90" Bypass="0" muMod="0" mod="0" YAtParent="55">
                    <INPUTA Index="2" Type="10">
                        <PORT_INFLECTION_POS inflection_pos=""/>
                        <PORT_PRESSED_POS pressed_pos=""/>
                    </INPUTA>
                    <INPUTB Index="15" Type="12">
                        <PORT_INFLECTION_POS inflection_pos=""/>
                        <PORT_PRESSED_POS pressed_pos=""/>
                    </INPUTB>
                    <INPUTT Index="0" Type="0">
                        <PORT_INFLECTION_POS inflection_pos=""/>
                        <PORT_PRESSED_POS pressed_pos=""/>
                    </INPUTT>
                </BFU>
                <BFU Height="60" func="lu" exp="A^B" carry="0" id="3" Top="0" BypassExp="" Left="0" XAtParent="379" Width="90" Bypass="0" muMod="0" mod="0" YAtParent="55">
                    <INPUTA Index="3" Type="10">
                        <PORT_INFLECTION_POS inflection_pos=""/>
                        <PORT_PRESSED_POS pressed_pos=""/>
                    </INPUTA>
                    <INPUTB Index="14" Type="12">
                        <PORT_INFLECTION_POS inflection_pos=""/>
                        <PORT_PRESSED_POS pressed_pos=""/>
                    </INPUTB>
                    <INPUTT Index="0" Type="0">
                        <PORT_INFLECTION_POS inflection_pos=""/>
                        <PORT_PRESSED_POS pressed_pos=""/>
                    </INPUTT>
                </BFU>
                <BENES Height="60" id="0" Top="0" src=":/sm3_benes.benes" Left="0" XAtParent="489" Width="120" YAtParent="55">
                    <INPUT Index="0" id="0" Type="1">
                        <PORT_INFLECTION_POS inflection_pos="-427.8,53;7,53"/>
                        <PORT_PRESSED_POS pressed_pos=""/>
                    </INPUT>
                    <INPUT Index="1" id="1" Type="1">
                        <PORT_INFLECTION_POS inflection_pos="-340.6,45;7,45"/>
                        <PORT_PRESSED_POS pressed_pos=""/>
                    </INPUT>
                    <INPUT Index="2" id="2" Type="1">
                        <PORT_INFLECTION_POS inflection_pos="-253.4,37;7,37"/>
                        <PORT_PRESSED_POS pressed_pos=""/>
                    </INPUT>
                    <INPUT Index="3" id="3" Type="1">
                        <PORT_INFLECTION_POS inflection_pos="-166.2,29;7,29"/>
                        <PORT_PRESSED_POS pressed_pos=""/>
                    </INPUT>
                </BENES>
            </RCU>
        </BCU>
    </RCA>
    <RSM id="0"/>
    <UIVER ver="3.0.0"/>
</ALGRITHM>
