<?xml version='1.0' encoding='UTF-8'?>
<ALGRITHM MD5="a34fc8daaffd751cc8ab661af5406121" name="" value="C:/Users/Lenovo/Desktop/rpu_new/seed/1.xml" md5="">
    <RCA id="0">
        <BCU Height="2650" YAtParent="61" INFIFO_SRC=":/plaintext_in.fifo" XAtParent="0" Left="0" router="3" LFSR_DEPTH="0" Top="0" MEM_SRC=":/mem.memory" burst="0" gap="0" LFSR_WIDTH="0" Width="1631" id="0" sort="0" imd_mode128_32="0" IMD_SRC=":/vector_0_init.imd" infifosrc="0">
            <RCU Height="170" Left="0" YAtParent="46" Top="0" Width="1511" id="0" XAtParent="60">
                <OUT_FIFO Type="0" Index="0" id="0">
                    <PORT_INFLECTION_POS inflection_pos=""/>
                    <PORT_PRESSED_POS pressed_pos=""/>
                </OUT_FIFO>
                <OUT_FIFO Type="0" Index="0" id="1">
                    <PORT_INFLECTION_POS inflection_pos=""/>
                    <PORT_PRESSED_POS pressed_pos=""/>
                </OUT_FIFO>
                <OUT_FIFO Type="0" Index="0" id="2">
                    <PORT_INFLECTION_POS inflection_pos=""/>
                    <PORT_PRESSED_POS pressed_pos=""/>
                </OUT_FIFO>
                <OUT_FIFO Type="0" Index="0" id="3">
                    <PORT_INFLECTION_POS inflection_pos=""/>
                    <PORT_PRESSED_POS pressed_pos=""/>
                </OUT_FIFO>
                <LOOP LOOP_times2="0" LOOP_start_end2="0" LOOP_start_end="3" LOOP_times="1"/>
                <MEM_WRITE addr="0" threashold="0" mode="0" offset="0" mask="0"/>
                <MEM_READ addr1="0" mode128_32="0" addr2="0" threashold="0" addr4="0" mode="0" addr3="0" offset="0"/>
                <RCH mode="0"/>
                <BFU mod="0" muMod="0" carry="0" BypassExp="" Height="60" Left="0" exp="A" YAtParent="55" Top="0" Width="90" id="0" XAtParent="114" func="lu" Bypass="1">
                    <INPUTA Type="9" Index="0">
                        <PORT_INFLECTION_POS inflection_pos="176.2,-17;7,-17"/>
                        <PORT_PRESSED_POS pressed_pos=""/>
                    </INPUTA>
                    <INPUTB Type="9" Index="1">
                        <PORT_INFLECTION_POS inflection_pos="455.4,-13;7,-13"/>
                        <PORT_PRESSED_POS pressed_pos=""/>
                    </INPUTB>
                    <INPUTT Type="0" Index="0">
                        <PORT_INFLECTION_POS inflection_pos=""/>
                        <PORT_PRESSED_POS pressed_pos=""/>
                    </INPUTT>
                </BFU>
                <RCH_INPUT Type="1" Address="0" Index="0" id="0"/>
                <RCH_INPUT Type="2" Address="1" Index="0" id="1"/>
                <BFU mod="0" muMod="0" carry="0" BypassExp="" Height="60" Left="0" exp="A" YAtParent="55" Top="0" Width="90" id="1" XAtParent="276" func="lu" Bypass="1">
                    <INPUTA Type="9" Index="2">
                        <PORT_INFLECTION_POS inflection_pos="614.6,-9;7,-9"/>
                        <PORT_PRESSED_POS pressed_pos=""/>
                    </INPUTA>
                    <INPUTB Type="9" Index="3">
                        <PORT_INFLECTION_POS inflection_pos="893.8,-5;7,-5"/>
                        <PORT_PRESSED_POS pressed_pos=""/>
                    </INPUTB>
                    <INPUTT Type="0" Index="0">
                        <PORT_INFLECTION_POS inflection_pos=""/>
                        <PORT_PRESSED_POS pressed_pos=""/>
                    </INPUTT>
                </BFU>
                <RCH_INPUT Type="1" Address="2" Index="1" id="2"/>
                <RCH_INPUT Type="2" Address="3" Index="1" id="3"/>
            </RCU>
            <RCU Height="170" Left="0" YAtParent="273" Top="0" Width="1511" id="1" XAtParent="60">
                <OUT_FIFO Type="0" Index="0" id="0">
                    <PORT_INFLECTION_POS inflection_pos=""/>
                    <PORT_PRESSED_POS pressed_pos=""/>
                </OUT_FIFO>
                <OUT_FIFO Type="0" Index="0" id="1">
                    <PORT_INFLECTION_POS inflection_pos=""/>
                    <PORT_PRESSED_POS pressed_pos=""/>
                </OUT_FIFO>
                <OUT_FIFO Type="0" Index="0" id="2">
                    <PORT_INFLECTION_POS inflection_pos=""/>
                    <PORT_PRESSED_POS pressed_pos=""/>
                </OUT_FIFO>
                <OUT_FIFO Type="0" Index="0" id="3">
                    <PORT_INFLECTION_POS inflection_pos=""/>
                    <PORT_PRESSED_POS pressed_pos=""/>
                </OUT_FIFO>
                <LOOP LOOP_times2="0" LOOP_start_end2="0" LOOP_start_end="1" LOOP_times="15"/>
                <MEM_WRITE addr="0" threashold="0" mode="0" offset="0" mask="0"/>
                <MEM_READ addr1="0" mode128_32="0" addr2="0" threashold="0" addr4="0" mode="0" addr3="0" offset="0"/>
                <RCH mode="0"/>
                <BFU mod="0" muMod="0" carry="0" BypassExp="" Height="60" Left="0" exp="A" YAtParent="55" Top="0" Width="90" id="0" XAtParent="49" func="lu" Bypass="1">
                    <INPUTA Type="12" Index="2">
                        <PORT_INFLECTION_POS inflection_pos=""/>
                        <PORT_PRESSED_POS pressed_pos=""/>
                    </INPUTA>
                    <INPUTB Type="12" Index="3">
                        <PORT_INFLECTION_POS inflection_pos=""/>
                        <PORT_PRESSED_POS pressed_pos=""/>
                    </INPUTB>
                    <INPUTT Type="0" Index="0">
                        <PORT_INFLECTION_POS inflection_pos=""/>
                        <PORT_PRESSED_POS pressed_pos=""/>
                    </INPUTT>
                </BFU>
                <RCH_INPUT Type="1" Address="4" Index="0" id="0"/>
                <RCH_INPUT Type="2" Address="5" Index="0" id="1"/>
                <BFU mod="0" muMod="0" carry="0" BypassExp="" Height="60" Left="0" exp="A" YAtParent="55" Top="0" Width="90" id="1" XAtParent="154" func="lu" Bypass="1">
                    <INPUTA Type="12" Index="2">
                        <PORT_INFLECTION_POS inflection_pos=""/>
                        <PORT_PRESSED_POS pressed_pos=""/>
                    </INPUTA>
                    <INPUTB Type="12" Index="3">
                        <PORT_INFLECTION_POS inflection_pos=""/>
                        <PORT_PRESSED_POS pressed_pos=""/>
                    </INPUTB>
                    <INPUTT Type="0" Index="0">
                        <PORT_INFLECTION_POS inflection_pos=""/>
                        <PORT_PRESSED_POS pressed_pos=""/>
                    </INPUTT>
                </BFU>
                <BFU mod="0" muMod="0" carry="0" BypassExp="" Height="60" Left="0" exp="A^B" YAtParent="55" Top="0" Width="90" id="2" XAtParent="259" func="lu" Bypass="0">
                    <INPUTA Type="11" Index="0">
                        <PORT_INFLECTION_POS inflection_pos=""/>
                        <PORT_PRESSED_POS pressed_pos=""/>
                    </INPUTA>
                    <INPUTB Type="11" Index="1">
                        <PORT_INFLECTION_POS inflection_pos=""/>
                        <PORT_PRESSED_POS pressed_pos=""/>
                    </INPUTB>
                    <INPUTT Type="0" Index="0">
                        <PORT_INFLECTION_POS inflection_pos=""/>
                        <PORT_PRESSED_POS pressed_pos=""/>
                    </INPUTT>
                </BFU>
                <BFU mod="0" muMod="0" carry="0" BypassExp="" Height="60" Left="0" exp="A^B" YAtParent="55" Top="0" Width="90" id="3" XAtParent="368" func="lu" Bypass="0">
                    <INPUTA Type="1" Index="1">
                        <PORT_INFLECTION_POS inflection_pos="-200,45;7,45"/>
                        <PORT_PRESSED_POS pressed_pos=""/>
                    </INPUTA>
                    <INPUTB Type="2" Index="2">
                        <PORT_INFLECTION_POS inflection_pos="-88,33;7,33"/>
                        <PORT_PRESSED_POS pressed_pos=""/>
                    </INPUTB>
                    <INPUTT Type="0" Index="0">
                        <PORT_INFLECTION_POS inflection_pos=""/>
                        <PORT_PRESSED_POS pressed_pos=""/>
                    </INPUTT>
                </BFU>
                <BFU mod="0" muMod="0" carry="0" BypassExp="" Height="60" Left="0" exp="A^B^T" YAtParent="55" Top="0" Width="90" id="4" XAtParent="478" func="lu" Bypass="0">
                    <INPUTA Type="1" Index="1">
                        <PORT_INFLECTION_POS inflection_pos="-310,45;7,45"/>
                        <PORT_PRESSED_POS pressed_pos=""/>
                    </INPUTA>
                    <INPUTB Type="2" Index="1">
                        <PORT_INFLECTION_POS inflection_pos="-303,41;7,41"/>
                        <PORT_PRESSED_POS pressed_pos=""/>
                    </INPUTB>
                    <INPUTT Type="1" Index="2">
                        <PORT_INFLECTION_POS inflection_pos="-247,37;7,37"/>
                        <PORT_PRESSED_POS pressed_pos=""/>
                    </INPUTT>
                </BFU>
                <BFU mod="0" muMod="0" carry="0" BypassExp="B>>8" Height="60" Left="0" exp="A" YAtParent="55" Top="0" Width="90" id="5" XAtParent="585" func="su" Bypass="3">
                    <INPUTA Type="1" Index="4">
                        <PORT_INFLECTION_POS inflection_pos="-93,53;7,53"/>
                        <PORT_PRESSED_POS pressed_pos=""/>
                    </INPUTA>
                    <INPUTB Type="1" Index="4">
                        <PORT_INFLECTION_POS inflection_pos="-114,53;7,53"/>
                        <PORT_PRESSED_POS pressed_pos=""/>
                    </INPUTB>
                    <INPUTT Type="0" Index="0">
                        <PORT_INFLECTION_POS inflection_pos=""/>
                        <PORT_PRESSED_POS pressed_pos=""/>
                    </INPUTT>
                </BFU>
                <BFU mod="0" muMod="0" carry="0" BypassExp="B>>24" Height="60" Left="0" exp="A>>16" YAtParent="55" Top="0" Width="90" id="6" XAtParent="697" func="su" Bypass="3">
                    <INPUTA Type="1" Index="4">
                        <PORT_INFLECTION_POS inflection_pos="-205,53;7,53"/>
                        <PORT_PRESSED_POS pressed_pos=""/>
                    </INPUTA>
                    <INPUTB Type="1" Index="4">
                        <PORT_INFLECTION_POS inflection_pos="-226,53;7,53"/>
                        <PORT_PRESSED_POS pressed_pos=""/>
                    </INPUTB>
                    <INPUTT Type="0" Index="0">
                        <PORT_INFLECTION_POS inflection_pos=""/>
                        <PORT_PRESSED_POS pressed_pos=""/>
                    </INPUTT>
                </BFU>
                <SBOX Height="60" Left="0" mode="4" YAtParent="55" Top="0" src=":/sbox_0_init .sbox" Width="120" id="0" XAtParent="832" increasemode="0">
                    <INPUT Type="1" Index="5">
                        <PORT_INFLECTION_POS inflection_pos="-269,45;7,45"/>
                        <PORT_PRESSED_POS pressed_pos=""/>
                    </INPUT>
                    <CNT value="0" id="0"/>
                    <CNT value="0" id="1"/>
                    <CNT value="0" id="2"/>
                    <CNT value="0" id="3"/>
                </SBOX>
                <SBOX Height="60" Left="0" mode="4" YAtParent="55" Top="0" src=":/sbox_1_init .sbox" Width="120" id="1" XAtParent="993" increasemode="0">
                    <INPUT Type="2" Index="5">
                        <PORT_INFLECTION_POS inflection_pos="-402,41;7,41"/>
                        <PORT_PRESSED_POS pressed_pos=""/>
                    </INPUT>
                    <CNT value="0" id="0"/>
                    <CNT value="0" id="1"/>
                    <CNT value="0" id="2"/>
                    <CNT value="0" id="3"/>
                </SBOX>
                <SBOX Height="60" Left="0" mode="4" YAtParent="55" Top="0" src=":/sbox_2_init .sbox" Width="120" id="2" XAtParent="1207" increasemode="0">
                    <INPUT Type="1" Index="6">
                        <PORT_INFLECTION_POS inflection_pos="-532,37;7,37"/>
                        <PORT_PRESSED_POS pressed_pos=""/>
                    </INPUT>
                    <CNT value="0" id="0"/>
                    <CNT value="0" id="1"/>
                    <CNT value="0" id="2"/>
                    <CNT value="0" id="3"/>
                </SBOX>
                <SBOX Height="60" Left="0" mode="4" YAtParent="55" Top="0" src=":/sbox_3_init .sbox" Width="120" id="3" XAtParent="1359" increasemode="0">
                    <INPUT Type="2" Index="6">
                        <PORT_INFLECTION_POS inflection_pos="-656,33;7,33"/>
                        <PORT_PRESSED_POS pressed_pos=""/>
                    </INPUT>
                    <CNT value="0" id="0"/>
                    <CNT value="0" id="1"/>
                    <CNT value="0" id="2"/>
                    <CNT value="0" id="3"/>
                </SBOX>
            </RCU>
            <RCU Height="170" Left="0" YAtParent="480" Top="0" Width="1511" id="2" XAtParent="60">
                <OUT_FIFO Type="0" Index="0" id="0">
                    <PORT_INFLECTION_POS inflection_pos=""/>
                    <PORT_PRESSED_POS pressed_pos=""/>
                </OUT_FIFO>
                <OUT_FIFO Type="0" Index="0" id="1">
                    <PORT_INFLECTION_POS inflection_pos=""/>
                    <PORT_PRESSED_POS pressed_pos=""/>
                </OUT_FIFO>
                <OUT_FIFO Type="0" Index="0" id="2">
                    <PORT_INFLECTION_POS inflection_pos=""/>
                    <PORT_PRESSED_POS pressed_pos=""/>
                </OUT_FIFO>
                <OUT_FIFO Type="0" Index="0" id="3">
                    <PORT_INFLECTION_POS inflection_pos=""/>
                    <PORT_PRESSED_POS pressed_pos=""/>
                </OUT_FIFO>
                <LOOP LOOP_times2="0" LOOP_start_end2="0" LOOP_start_end="0" LOOP_times="0"/>
                <MEM_WRITE addr="0" threashold="0" mode="0" offset="0" mask="0"/>
                <MEM_READ addr1="0" mode128_32="0" addr2="0" threashold="0" addr4="0" mode="0" addr3="0" offset="0"/>
                <RCH mode="0"/>
                <BFU mod="0" muMod="0" carry="0" BypassExp="" Height="60" Left="0" exp="A" YAtParent="55" Top="0" Width="90" id="0" XAtParent="49" func="lu" Bypass="1">
                    <INPUTA Type="5" Index="3">
                        <PORT_INFLECTION_POS inflection_pos="333,-120;7,-120"/>
                        <PORT_PRESSED_POS pressed_pos=""/>
                    </INPUTA>
                    <INPUTB Type="7" Index="0">
                        <PORT_INFLECTION_POS inflection_pos="770.8,-140;7,-140"/>
                        <PORT_PRESSED_POS pressed_pos=""/>
                    </INPUTB>
                    <INPUTT Type="0" Index="0">
                        <PORT_INFLECTION_POS inflection_pos=""/>
                        <PORT_PRESSED_POS pressed_pos=""/>
                    </INPUTT>
                </BFU>
                <BFU mod="0" muMod="0" carry="0" BypassExp="" Height="60" Left="0" exp="A^B^T" YAtParent="55" Top="0" Width="90" id="1" XAtParent="176" func="lu" Bypass="0">
                    <INPUTA Type="7" Index="4">
                        <PORT_INFLECTION_POS inflection_pos="825.8,-136;7,-136"/>
                        <PORT_PRESSED_POS pressed_pos=""/>
                    </INPUTA>
                    <INPUTB Type="7" Index="8">
                        <PORT_INFLECTION_POS inflection_pos="1018.8,-132;7,-132"/>
                        <PORT_PRESSED_POS pressed_pos=""/>
                    </INPUTB>
                    <INPUTT Type="7" Index="12">
                        <PORT_INFLECTION_POS inflection_pos="1149.8,-128;7,-128"/>
                        <PORT_PRESSED_POS pressed_pos=""/>
                    </INPUTT>
                </BFU>
                <BFU mod="0" muMod="0" carry="0" BypassExp="" Height="60" Left="0" exp="(A^T)+B" YAtParent="55" Top="0" Width="90" id="2" XAtParent="299" func="au" Bypass="0">
                    <INPUTA Type="1" Index="1">
                        <PORT_INFLECTION_POS inflection_pos="-109,45;7,45"/>
                        <PORT_PRESSED_POS pressed_pos=""/>
                    </INPUTA>
                    <INPUTB Type="1" Index="0">
                        <PORT_INFLECTION_POS inflection_pos="-257,53;7,53"/>
                        <PORT_PRESSED_POS pressed_pos=""/>
                    </INPUTB>
                    <INPUTT Type="2" Index="0">
                        <PORT_INFLECTION_POS inflection_pos="-250,49;7,49"/>
                        <PORT_PRESSED_POS pressed_pos=""/>
                    </INPUTT>
                </BFU>
                <BFU mod="0" muMod="0" carry="0" BypassExp="B>>8" Height="60" Left="0" exp="A" YAtParent="55" Top="0" Width="90" id="3" XAtParent="424" func="su" Bypass="3">
                    <INPUTA Type="1" Index="2">
                        <PORT_INFLECTION_POS inflection_pos="-111,37;7,37"/>
                        <PORT_PRESSED_POS pressed_pos=""/>
                    </INPUTA>
                    <INPUTB Type="1" Index="2">
                        <PORT_INFLECTION_POS inflection_pos="-132,37;7,37"/>
                        <PORT_PRESSED_POS pressed_pos=""/>
                    </INPUTB>
                    <INPUTT Type="0" Index="0">
                        <PORT_INFLECTION_POS inflection_pos=""/>
                        <PORT_PRESSED_POS pressed_pos=""/>
                    </INPUTT>
                </BFU>
                <BFU mod="0" muMod="0" carry="0" BypassExp="B>>24" Height="60" Left="0" exp="A>>16" YAtParent="55" Top="0" Width="90" id="4" XAtParent="546" func="su" Bypass="3">
                    <INPUTA Type="1" Index="2">
                        <PORT_INFLECTION_POS inflection_pos="-233,37;7,37"/>
                        <PORT_PRESSED_POS pressed_pos=""/>
                    </INPUTA>
                    <INPUTB Type="1" Index="2">
                        <PORT_INFLECTION_POS inflection_pos="-254,37;7,37"/>
                        <PORT_PRESSED_POS pressed_pos=""/>
                    </INPUTB>
                    <INPUTT Type="0" Index="0">
                        <PORT_INFLECTION_POS inflection_pos=""/>
                        <PORT_PRESSED_POS pressed_pos=""/>
                    </INPUTT>
                </BFU>
                <SBOX Height="60" Left="0" mode="4" YAtParent="55" Top="0" src=":/sbox_0_init .sbox" Width="120" id="0" XAtParent="859" increasemode="0">
                    <INPUT Type="1" Index="3">
                        <PORT_INFLECTION_POS inflection_pos="-457,29;7,29"/>
                        <PORT_PRESSED_POS pressed_pos=""/>
                    </INPUT>
                    <CNT value="0" id="0"/>
                    <CNT value="0" id="1"/>
                    <CNT value="0" id="2"/>
                    <CNT value="0" id="3"/>
                </SBOX>
                <SBOX Height="60" Left="0" mode="4" YAtParent="55" Top="0" src=":/sbox_1_init .sbox" Width="120" id="1" XAtParent="1021" increasemode="0">
                    <INPUT Type="2" Index="3">
                        <PORT_INFLECTION_POS inflection_pos="-591,25;7,25"/>
                        <PORT_PRESSED_POS pressed_pos=""/>
                    </INPUT>
                    <CNT value="0" id="0"/>
                    <CNT value="0" id="1"/>
                    <CNT value="0" id="2"/>
                    <CNT value="0" id="3"/>
                </SBOX>
                <SBOX Height="60" Left="0" mode="4" YAtParent="55" Top="0" src=":/sbox_2_init .sbox" Width="120" id="2" XAtParent="1172" increasemode="0">
                    <INPUT Type="1" Index="4">
                        <PORT_INFLECTION_POS inflection_pos="-648,53;7,53"/>
                        <PORT_PRESSED_POS pressed_pos=""/>
                    </INPUT>
                    <CNT value="0" id="0"/>
                    <CNT value="0" id="1"/>
                    <CNT value="0" id="2"/>
                    <CNT value="0" id="3"/>
                </SBOX>
                <SBOX Height="60" Left="0" mode="4" YAtParent="55" Top="0" src=":/sbox_3_init .sbox" Width="120" id="3" XAtParent="1361" increasemode="0">
                    <INPUT Type="2" Index="4">
                        <PORT_INFLECTION_POS inflection_pos="-809,49;7,49"/>
                        <PORT_PRESSED_POS pressed_pos=""/>
                    </INPUT>
                    <CNT value="0" id="0"/>
                    <CNT value="0" id="1"/>
                    <CNT value="0" id="2"/>
                    <CNT value="0" id="3"/>
                </SBOX>
                <BFU mod="0" muMod="0" carry="0" BypassExp="" Height="60" Left="0" exp="A^B" YAtParent="55" Top="0" Width="90" id="5" XAtParent="705" func="lu" Bypass="0">
                    <INPUTA Type="1" Index="1">
                        <PORT_INFLECTION_POS inflection_pos="-515,45;7,45"/>
                        <PORT_PRESSED_POS pressed_pos=""/>
                    </INPUTA>
                    <INPUTB Type="2" Index="0">
                        <PORT_INFLECTION_POS inflection_pos="-635,49;7,49"/>
                        <PORT_PRESSED_POS pressed_pos=""/>
                    </INPUTB>
                    <INPUTT Type="0" Index="0">
                        <PORT_INFLECTION_POS inflection_pos=""/>
                        <PORT_PRESSED_POS pressed_pos=""/>
                    </INPUTT>
                </BFU>
            </RCU>
            <RCU Height="170" Left="0" YAtParent="694" Top="0" Width="1511" id="3" XAtParent="60">
                <OUT_FIFO Type="0" Index="0" id="0">
                    <PORT_INFLECTION_POS inflection_pos=""/>
                    <PORT_PRESSED_POS pressed_pos=""/>
                </OUT_FIFO>
                <OUT_FIFO Type="0" Index="0" id="1">
                    <PORT_INFLECTION_POS inflection_pos=""/>
                    <PORT_PRESSED_POS pressed_pos=""/>
                </OUT_FIFO>
                <OUT_FIFO Type="0" Index="0" id="2">
                    <PORT_INFLECTION_POS inflection_pos=""/>
                    <PORT_PRESSED_POS pressed_pos=""/>
                </OUT_FIFO>
                <OUT_FIFO Type="0" Index="0" id="3">
                    <PORT_INFLECTION_POS inflection_pos=""/>
                    <PORT_PRESSED_POS pressed_pos=""/>
                </OUT_FIFO>
                <LOOP LOOP_times2="0" LOOP_start_end2="0" LOOP_start_end="0" LOOP_times="0"/>
                <MEM_WRITE addr="0" threashold="0" mode="0" offset="0" mask="0"/>
                <MEM_READ addr1="0" mode128_32="0" addr2="0" threashold="0" addr4="0" mode="0" addr3="0" offset="0"/>
                <RCH mode="0"/>
                <BFU mod="0" muMod="0" carry="0" BypassExp="" Height="60" Left="0" exp="A^B^T" YAtParent="55" Top="0" Width="90" id="0" XAtParent="61" func="lu" Bypass="0">
                    <INPUTA Type="7" Index="0">
                        <PORT_INFLECTION_POS inflection_pos="806.8,-147;7,-147"/>
                        <PORT_PRESSED_POS pressed_pos=""/>
                    </INPUTA>
                    <INPUTB Type="7" Index="4">
                        <PORT_INFLECTION_POS inflection_pos="947.8,-143;7,-143"/>
                        <PORT_PRESSED_POS pressed_pos=""/>
                    </INPUTB>
                    <INPUTT Type="7" Index="8">
                        <PORT_INFLECTION_POS inflection_pos="1077.8,-139;7,-139"/>
                        <PORT_PRESSED_POS pressed_pos=""/>
                    </INPUTT>
                </BFU>
                <BFU mod="0" muMod="0" carry="0" BypassExp="" Height="60" Left="0" exp="(A^T)+B" YAtParent="55" Top="0" Width="90" id="1" XAtParent="178" func="au" Bypass="1">
                    <INPUTA Type="1" Index="0">
                        <PORT_INFLECTION_POS inflection_pos="-103,53;7,53"/>
                        <PORT_PRESSED_POS pressed_pos=""/>
                    </INPUTA>
                    <INPUTB Type="5" Index="5">
                        <PORT_INFLECTION_POS inflection_pos="520,-143;7,-143"/>
                        <PORT_PRESSED_POS pressed_pos=""/>
                    </INPUTB>
                    <INPUTT Type="7" Index="12">
                        <PORT_INFLECTION_POS inflection_pos="1149.8,-135;7,-135"/>
                        <PORT_PRESSED_POS pressed_pos=""/>
                    </INPUTT>
                </BFU>
                <SBOX Height="60" Left="0" mode="4" YAtParent="55" Top="0" src=":/sbox_0_init .sbox" Width="120" id="0" XAtParent="843" increasemode="0">
                    <INPUT Type="1" Index="2">
                        <PORT_INFLECTION_POS inflection_pos="-339,37;7,37"/>
                        <PORT_PRESSED_POS pressed_pos=""/>
                    </INPUT>
                    <CNT value="0" id="0"/>
                    <CNT value="0" id="1"/>
                    <CNT value="0" id="2"/>
                    <CNT value="0" id="3"/>
                </SBOX>
                <SBOX Height="60" Left="0" mode="4" YAtParent="55" Top="0" src=":/sbox_1_init .sbox" Width="120" id="1" XAtParent="982" increasemode="0">
                    <INPUT Type="2" Index="2">
                        <PORT_INFLECTION_POS inflection_pos="-450,33;7,33"/>
                        <PORT_PRESSED_POS pressed_pos=""/>
                    </INPUT>
                    <CNT value="0" id="0"/>
                    <CNT value="0" id="1"/>
                    <CNT value="0" id="2"/>
                    <CNT value="0" id="3"/>
                </SBOX>
                <SBOX Height="60" Left="0" mode="4" YAtParent="55" Top="0" src=":/sbox_2_init .sbox" Width="120" id="2" XAtParent="1118" increasemode="0">
                    <INPUT Type="1" Index="3">
                        <PORT_INFLECTION_POS inflection_pos="-479,29;7,29"/>
                        <PORT_PRESSED_POS pressed_pos=""/>
                    </INPUT>
                    <CNT value="0" id="0"/>
                    <CNT value="0" id="1"/>
                    <CNT value="0" id="2"/>
                    <CNT value="0" id="3"/>
                </SBOX>
                <SBOX Height="60" Left="0" mode="4" YAtParent="55" Top="0" src=":/sbox_3_init .sbox" Width="120" id="3" XAtParent="1265" increasemode="0">
                    <INPUT Type="2" Index="3">
                        <PORT_INFLECTION_POS inflection_pos="-598,25;7,25"/>
                        <PORT_PRESSED_POS pressed_pos=""/>
                    </INPUT>
                    <CNT value="0" id="0"/>
                    <CNT value="0" id="1"/>
                    <CNT value="0" id="2"/>
                    <CNT value="0" id="3"/>
                </SBOX>
                <BFU mod="0" muMod="0" carry="0" BypassExp="B>>8" Height="60" Left="0" exp="A" YAtParent="55" Top="0" Width="90" id="2" XAtParent="526" func="su" Bypass="3">
                    <INPUTA Type="1" Index="1">
                        <PORT_INFLECTION_POS inflection_pos="-334,45;7,45"/>
                        <PORT_PRESSED_POS pressed_pos=""/>
                    </INPUTA>
                    <INPUTB Type="1" Index="1">
                        <PORT_INFLECTION_POS inflection_pos="-355,45;7,45"/>
                        <PORT_PRESSED_POS pressed_pos=""/>
                    </INPUTB>
                    <INPUTT Type="0" Index="0">
                        <PORT_INFLECTION_POS inflection_pos=""/>
                        <PORT_PRESSED_POS pressed_pos=""/>
                    </INPUTT>
                </BFU>
                <BFU mod="0" muMod="0" carry="0" BypassExp="B>>24" Height="60" Left="0" exp="A>>16" YAtParent="55" Top="0" Width="90" id="3" XAtParent="661" func="su" Bypass="3">
                    <INPUTA Type="1" Index="1">
                        <PORT_INFLECTION_POS inflection_pos="-469,45;7,45"/>
                        <PORT_PRESSED_POS pressed_pos=""/>
                    </INPUTA>
                    <INPUTB Type="1" Index="1">
                        <PORT_INFLECTION_POS inflection_pos="-490,45;7,45"/>
                        <PORT_PRESSED_POS pressed_pos=""/>
                    </INPUTB>
                    <INPUTT Type="0" Index="0">
                        <PORT_INFLECTION_POS inflection_pos=""/>
                        <PORT_PRESSED_POS pressed_pos=""/>
                    </INPUTT>
                </BFU>
                <BFU mod="0" muMod="0" carry="0" BypassExp="" Height="60" Left="0" exp="A^B" YAtParent="55" Top="0" Width="90" id="4" XAtParent="305" func="lu" Bypass="0">
                    <INPUTA Type="1" Index="0">
                        <PORT_INFLECTION_POS inflection_pos="-230,53;7,53"/>
                        <PORT_PRESSED_POS pressed_pos=""/>
                    </INPUTA>
                    <INPUTB Type="7" Index="12">
                        <PORT_INFLECTION_POS inflection_pos="1043.8,-135;7,-135"/>
                        <PORT_PRESSED_POS pressed_pos=""/>
                    </INPUTB>
                    <INPUTT Type="0" Index="0">
                        <PORT_INFLECTION_POS inflection_pos=""/>
                        <PORT_PRESSED_POS pressed_pos=""/>
                    </INPUTT>
                </BFU>
            </RCU>
            <RCU Height="170" Left="0" YAtParent="904" Top="0" Width="1511" id="4" XAtParent="60">
                <OUT_FIFO Type="0" Index="0" id="0">
                    <PORT_INFLECTION_POS inflection_pos=""/>
                    <PORT_PRESSED_POS pressed_pos=""/>
                </OUT_FIFO>
                <OUT_FIFO Type="0" Index="0" id="1">
                    <PORT_INFLECTION_POS inflection_pos=""/>
                    <PORT_PRESSED_POS pressed_pos=""/>
                </OUT_FIFO>
                <OUT_FIFO Type="0" Index="0" id="2">
                    <PORT_INFLECTION_POS inflection_pos=""/>
                    <PORT_PRESSED_POS pressed_pos=""/>
                </OUT_FIFO>
                <OUT_FIFO Type="0" Index="0" id="3">
                    <PORT_INFLECTION_POS inflection_pos=""/>
                    <PORT_PRESSED_POS pressed_pos=""/>
                </OUT_FIFO>
                <LOOP LOOP_times2="0" LOOP_start_end2="0" LOOP_start_end="2" LOOP_times="15"/>
                <MEM_WRITE addr="0" threashold="0" mode="0" offset="0" mask="0"/>
                <MEM_READ addr1="0" mode128_32="0" addr2="0" threashold="0" addr4="0" mode="0" addr3="0" offset="0"/>
                <RCH mode="0"/>
                <BFU mod="0" muMod="0" carry="0" BypassExp="" Height="60" Left="0" exp="" YAtParent="55" Top="0" Width="90" id="6" XAtParent="952" func="au" Bypass="0">
                    <INPUTA Type="12" Index="5">
                        <PORT_INFLECTION_POS inflection_pos=""/>
                        <PORT_PRESSED_POS pressed_pos=""/>
                    </INPUTA>
                    <INPUTB Type="0" Index="0">
                        <PORT_INFLECTION_POS inflection_pos=""/>
                        <PORT_PRESSED_POS pressed_pos=""/>
                    </INPUTB>
                    <INPUTT Type="0" Index="0">
                        <PORT_INFLECTION_POS inflection_pos=""/>
                        <PORT_PRESSED_POS pressed_pos=""/>
                    </INPUTT>
                </BFU>
                <RCH_INPUT Type="1" Address="1" Index="6" id="1"/>
                <BFU mod="0" muMod="0" carry="0" BypassExp="" Height="60" Left="0" exp="" YAtParent="55" Top="0" Width="90" id="5" XAtParent="822" func="au" Bypass="0">
                    <INPUTA Type="12" Index="4">
                        <PORT_INFLECTION_POS inflection_pos=""/>
                        <PORT_PRESSED_POS pressed_pos=""/>
                    </INPUTA>
                    <INPUTB Type="0" Index="0">
                        <PORT_INFLECTION_POS inflection_pos=""/>
                        <PORT_PRESSED_POS pressed_pos=""/>
                    </INPUTB>
                    <INPUTT Type="0" Index="0">
                        <PORT_INFLECTION_POS inflection_pos=""/>
                        <PORT_PRESSED_POS pressed_pos=""/>
                    </INPUTT>
                </BFU>
                <RCH_INPUT Type="1" Address="0" Index="5" id="0"/>
                <BFU mod="0" muMod="0" carry="0" BypassExp="" Height="60" Left="0" exp="A^B" YAtParent="55" Top="0" Width="90" id="4" XAtParent="669" func="lu" Bypass="0">
                    <INPUTA Type="1" Index="2">
                        <PORT_INFLECTION_POS inflection_pos=""/>
                        <PORT_PRESSED_POS pressed_pos=""/>
                    </INPUTA>
                    <INPUTB Type="12" Index="1">
                        <PORT_INFLECTION_POS inflection_pos=""/>
                        <PORT_PRESSED_POS pressed_pos=""/>
                    </INPUTB>
                    <INPUTT Type="0" Index="0">
                        <PORT_INFLECTION_POS inflection_pos=""/>
                        <PORT_PRESSED_POS pressed_pos=""/>
                    </INPUTT>
                </BFU>
                <RCH_INPUT Type="1" Address="3" Index="4" id="3"/>
                <BFU mod="0" muMod="0" carry="0" BypassExp="" Height="60" Left="0" exp="A^B" YAtParent="55" Top="0" Width="90" id="3" XAtParent="517" func="lu" Bypass="0">
                    <INPUTA Type="1" Index="1">
                        <PORT_INFLECTION_POS inflection_pos=""/>
                        <PORT_PRESSED_POS pressed_pos=""/>
                    </INPUTA>
                    <INPUTB Type="12" Index="0">
                        <PORT_INFLECTION_POS inflection_pos=""/>
                        <PORT_PRESSED_POS pressed_pos=""/>
                    </INPUTB>
                    <INPUTT Type="0" Index="0">
                        <PORT_INFLECTION_POS inflection_pos=""/>
                        <PORT_PRESSED_POS pressed_pos=""/>
                    </INPUTT>
                </BFU>
                <RCH_INPUT Type="1" Address="2" Index="3" id="2"/>
                <BFU mod="0" muMod="0" carry="0" BypassExp="" Height="60" Left="0" exp="A^B" YAtParent="55" Top="0" Width="90" id="2" XAtParent="368" func="lu" Bypass="0">
                    <INPUTA Type="1" Index="0">
                        <PORT_INFLECTION_POS inflection_pos=""/>
                        <PORT_PRESSED_POS pressed_pos=""/>
                    </INPUTA>
                    <INPUTB Type="7" Index="12">
                        <PORT_INFLECTION_POS inflection_pos=""/>
                        <PORT_PRESSED_POS pressed_pos=""/>
                    </INPUTB>
                    <INPUTT Type="0" Index="0">
                        <PORT_INFLECTION_POS inflection_pos=""/>
                        <PORT_PRESSED_POS pressed_pos=""/>
                    </INPUTT>
                </BFU>
                <BFU mod="0" muMod="0" carry="0" BypassExp="" Height="60" Left="0" exp="(A^T)+B" YAtParent="55" Top="0" Width="90" id="1" XAtParent="228" func="au" Bypass="0">
                    <INPUTA Type="1" Index="0">
                        <PORT_INFLECTION_POS inflection_pos=""/>
                        <PORT_PRESSED_POS pressed_pos=""/>
                    </INPUTA>
                    <INPUTB Type="5" Index="4">
                        <PORT_INFLECTION_POS inflection_pos=""/>
                        <PORT_PRESSED_POS pressed_pos=""/>
                    </INPUTB>
                    <INPUTT Type="7" Index="12">
                        <PORT_INFLECTION_POS inflection_pos=""/>
                        <PORT_PRESSED_POS pressed_pos=""/>
                    </INPUTT>
                </BFU>
                <BFU mod="0" muMod="0" carry="0" BypassExp="" Height="60" Left="0" exp="A^B^T" YAtParent="55" Top="0" Width="90" id="0" XAtParent="101" func="lu" Bypass="0">
                    <INPUTA Type="7" Index="0">
                        <PORT_INFLECTION_POS inflection_pos=""/>
                        <PORT_PRESSED_POS pressed_pos=""/>
                    </INPUTA>
                    <INPUTB Type="7" Index="4">
                        <PORT_INFLECTION_POS inflection_pos=""/>
                        <PORT_PRESSED_POS pressed_pos=""/>
                    </INPUTB>
                    <INPUTT Type="7" Index="8">
                        <PORT_INFLECTION_POS inflection_pos=""/>
                        <PORT_PRESSED_POS pressed_pos=""/>
                    </INPUTT>
                </BFU>
            </RCU>
            <RCU Height="170" Left="0" YAtParent="1131" Top="0" Width="1511" id="5" XAtParent="60">
                <OUT_FIFO Type="0" Index="0" id="0">
                    <PORT_INFLECTION_POS inflection_pos=""/>
                    <PORT_PRESSED_POS pressed_pos=""/>
                </OUT_FIFO>
                <OUT_FIFO Type="0" Index="0" id="1">
                    <PORT_INFLECTION_POS inflection_pos=""/>
                    <PORT_PRESSED_POS pressed_pos=""/>
                </OUT_FIFO>
                <OUT_FIFO Type="0" Index="0" id="2">
                    <PORT_INFLECTION_POS inflection_pos=""/>
                    <PORT_PRESSED_POS pressed_pos=""/>
                </OUT_FIFO>
                <OUT_FIFO Type="0" Index="0" id="3">
                    <PORT_INFLECTION_POS inflection_pos=""/>
                    <PORT_PRESSED_POS pressed_pos=""/>
                </OUT_FIFO>
                <LOOP LOOP_times2="0" LOOP_start_end2="0" LOOP_start_end="0" LOOP_times="0"/>
                <MEM_WRITE addr="0" threashold="0" mode="0" offset="0" mask="0"/>
                <MEM_READ addr1="0" mode128_32="0" addr2="0" threashold="0" addr4="0" mode="0" addr3="0" offset="0"/>
                <RCH mode="0"/>
                <BFU mod="0" muMod="0" carry="0" BypassExp="" Height="60" Left="0" exp="A" YAtParent="55" Top="0" Width="90" id="0" XAtParent="49" func="lu" Bypass="1">
                    <INPUTA Type="12" Index="2">
                        <PORT_INFLECTION_POS inflection_pos=""/>
                        <PORT_PRESSED_POS pressed_pos=""/>
                    </INPUTA>
                    <INPUTB Type="12" Index="3">
                        <PORT_INFLECTION_POS inflection_pos=""/>
                        <PORT_PRESSED_POS pressed_pos=""/>
                    </INPUTB>
                    <INPUTT Type="0" Index="0">
                        <PORT_INFLECTION_POS inflection_pos=""/>
                        <PORT_PRESSED_POS pressed_pos=""/>
                    </INPUTT>
                </BFU>
                <RCH_INPUT Type="1" Address="4" Index="0" id="0"/>
                <RCH_INPUT Type="2" Address="5" Index="0" id="1"/>
                <BFU mod="0" muMod="0" carry="0" BypassExp="" Height="60" Left="0" exp="A" YAtParent="55" Top="0" Width="90" id="1" XAtParent="154" func="lu" Bypass="1">
                    <INPUTA Type="12" Index="2">
                        <PORT_INFLECTION_POS inflection_pos=""/>
                        <PORT_PRESSED_POS pressed_pos=""/>
                    </INPUTA>
                    <INPUTB Type="12" Index="3">
                        <PORT_INFLECTION_POS inflection_pos=""/>
                        <PORT_PRESSED_POS pressed_pos=""/>
                    </INPUTB>
                    <INPUTT Type="0" Index="0">
                        <PORT_INFLECTION_POS inflection_pos=""/>
                        <PORT_PRESSED_POS pressed_pos=""/>
                    </INPUTT>
                </BFU>
                <BFU mod="0" muMod="0" carry="0" BypassExp="" Height="60" Left="0" exp="A^B" YAtParent="55" Top="0" Width="90" id="2" XAtParent="259" func="lu" Bypass="0">
                    <INPUTA Type="11" Index="0">
                        <PORT_INFLECTION_POS inflection_pos=""/>
                        <PORT_PRESSED_POS pressed_pos=""/>
                    </INPUTA>
                    <INPUTB Type="11" Index="1">
                        <PORT_INFLECTION_POS inflection_pos=""/>
                        <PORT_PRESSED_POS pressed_pos=""/>
                    </INPUTB>
                    <INPUTT Type="0" Index="0">
                        <PORT_INFLECTION_POS inflection_pos=""/>
                        <PORT_PRESSED_POS pressed_pos=""/>
                    </INPUTT>
                </BFU>
                <BFU mod="0" muMod="0" carry="0" BypassExp="" Height="60" Left="0" exp="A^B" YAtParent="55" Top="0" Width="90" id="3" XAtParent="368" func="lu" Bypass="0">
                    <INPUTA Type="1" Index="1">
                        <PORT_INFLECTION_POS inflection_pos="-200,45;7,45"/>
                        <PORT_PRESSED_POS pressed_pos=""/>
                    </INPUTA>
                    <INPUTB Type="2" Index="2">
                        <PORT_INFLECTION_POS inflection_pos="-88,33;7,33"/>
                        <PORT_PRESSED_POS pressed_pos=""/>
                    </INPUTB>
                    <INPUTT Type="0" Index="0">
                        <PORT_INFLECTION_POS inflection_pos=""/>
                        <PORT_PRESSED_POS pressed_pos=""/>
                    </INPUTT>
                </BFU>
                <BFU mod="0" muMod="0" carry="0" BypassExp="" Height="60" Left="0" exp="A^B^T" YAtParent="55" Top="0" Width="90" id="4" XAtParent="478" func="lu" Bypass="0">
                    <INPUTA Type="1" Index="1">
                        <PORT_INFLECTION_POS inflection_pos="-310,45;7,45"/>
                        <PORT_PRESSED_POS pressed_pos=""/>
                    </INPUTA>
                    <INPUTB Type="2" Index="1">
                        <PORT_INFLECTION_POS inflection_pos="-303,41;7,41"/>
                        <PORT_PRESSED_POS pressed_pos=""/>
                    </INPUTB>
                    <INPUTT Type="1" Index="2">
                        <PORT_INFLECTION_POS inflection_pos="-247,37;7,37"/>
                        <PORT_PRESSED_POS pressed_pos=""/>
                    </INPUTT>
                </BFU>
                <BFU mod="0" muMod="0" carry="0" BypassExp="B>>8" Height="60" Left="0" exp="A" YAtParent="55" Top="0" Width="90" id="5" XAtParent="585" func="su" Bypass="3">
                    <INPUTA Type="1" Index="4">
                        <PORT_INFLECTION_POS inflection_pos="-93,53;7,53"/>
                        <PORT_PRESSED_POS pressed_pos=""/>
                    </INPUTA>
                    <INPUTB Type="1" Index="4">
                        <PORT_INFLECTION_POS inflection_pos="-114,53;7,53"/>
                        <PORT_PRESSED_POS pressed_pos=""/>
                    </INPUTB>
                    <INPUTT Type="0" Index="0">
                        <PORT_INFLECTION_POS inflection_pos=""/>
                        <PORT_PRESSED_POS pressed_pos=""/>
                    </INPUTT>
                </BFU>
                <BFU mod="0" muMod="0" carry="0" BypassExp="B>>24" Height="60" Left="0" exp="A>>16" YAtParent="55" Top="0" Width="90" id="6" XAtParent="697" func="su" Bypass="3">
                    <INPUTA Type="1" Index="4">
                        <PORT_INFLECTION_POS inflection_pos="-205,53;7,53"/>
                        <PORT_PRESSED_POS pressed_pos=""/>
                    </INPUTA>
                    <INPUTB Type="1" Index="4">
                        <PORT_INFLECTION_POS inflection_pos="-226,53;7,53"/>
                        <PORT_PRESSED_POS pressed_pos=""/>
                    </INPUTB>
                    <INPUTT Type="0" Index="0">
                        <PORT_INFLECTION_POS inflection_pos=""/>
                        <PORT_PRESSED_POS pressed_pos=""/>
                    </INPUTT>
                </BFU>
                <SBOX Height="60" Left="0" mode="4" YAtParent="55" Top="0" src=":/sbox_0_init .sbox" Width="120" id="0" XAtParent="832" increasemode="0">
                    <INPUT Type="1" Index="5">
                        <PORT_INFLECTION_POS inflection_pos="-269,45;7,45"/>
                        <PORT_PRESSED_POS pressed_pos=""/>
                    </INPUT>
                    <CNT value="0" id="0"/>
                    <CNT value="0" id="1"/>
                    <CNT value="0" id="2"/>
                    <CNT value="0" id="3"/>
                </SBOX>
                <SBOX Height="60" Left="0" mode="4" YAtParent="55" Top="0" src=":/sbox_1_init .sbox" Width="120" id="1" XAtParent="993" increasemode="0">
                    <INPUT Type="2" Index="5">
                        <PORT_INFLECTION_POS inflection_pos="-402,41;7,41"/>
                        <PORT_PRESSED_POS pressed_pos=""/>
                    </INPUT>
                    <CNT value="0" id="0"/>
                    <CNT value="0" id="1"/>
                    <CNT value="0" id="2"/>
                    <CNT value="0" id="3"/>
                </SBOX>
                <SBOX Height="60" Left="0" mode="4" YAtParent="55" Top="0" src=":/sbox_2_init .sbox" Width="120" id="2" XAtParent="1207" increasemode="0">
                    <INPUT Type="1" Index="6">
                        <PORT_INFLECTION_POS inflection_pos="-532,37;7,37"/>
                        <PORT_PRESSED_POS pressed_pos=""/>
                    </INPUT>
                    <CNT value="0" id="0"/>
                    <CNT value="0" id="1"/>
                    <CNT value="0" id="2"/>
                    <CNT value="0" id="3"/>
                </SBOX>
                <SBOX Height="60" Left="0" mode="4" YAtParent="55" Top="0" src=":/sbox_3_init .sbox" Width="120" id="3" XAtParent="1359" increasemode="0">
                    <INPUT Type="2" Index="6">
                        <PORT_INFLECTION_POS inflection_pos="-656,33;7,33"/>
                        <PORT_PRESSED_POS pressed_pos=""/>
                    </INPUT>
                    <CNT value="0" id="0"/>
                    <CNT value="0" id="1"/>
                    <CNT value="0" id="2"/>
                    <CNT value="0" id="3"/>
                </SBOX>
            </RCU>
            <RCU Height="170" Left="0" YAtParent="1338" Top="0" Width="1511" id="6" XAtParent="60">
                <OUT_FIFO Type="0" Index="0" id="0">
                    <PORT_INFLECTION_POS inflection_pos=""/>
                    <PORT_PRESSED_POS pressed_pos=""/>
                </OUT_FIFO>
                <OUT_FIFO Type="0" Index="0" id="1">
                    <PORT_INFLECTION_POS inflection_pos=""/>
                    <PORT_PRESSED_POS pressed_pos=""/>
                </OUT_FIFO>
                <OUT_FIFO Type="0" Index="0" id="2">
                    <PORT_INFLECTION_POS inflection_pos=""/>
                    <PORT_PRESSED_POS pressed_pos=""/>
                </OUT_FIFO>
                <OUT_FIFO Type="0" Index="0" id="3">
                    <PORT_INFLECTION_POS inflection_pos=""/>
                    <PORT_PRESSED_POS pressed_pos=""/>
                </OUT_FIFO>
                <LOOP LOOP_times2="0" LOOP_start_end2="0" LOOP_start_end="0" LOOP_times="0"/>
                <MEM_WRITE addr="0" threashold="0" mode="0" offset="0" mask="0"/>
                <MEM_READ addr1="0" mode128_32="0" addr2="0" threashold="0" addr4="0" mode="0" addr3="0" offset="0"/>
                <RCH mode="0"/>
                <BFU mod="0" muMod="0" carry="0" BypassExp="" Height="60" Left="0" exp="A" YAtParent="55" Top="0" Width="90" id="0" XAtParent="49" func="lu" Bypass="1">
                    <INPUTA Type="5" Index="3">
                        <PORT_INFLECTION_POS inflection_pos="333,-120;7,-120"/>
                        <PORT_PRESSED_POS pressed_pos=""/>
                    </INPUTA>
                    <INPUTB Type="7" Index="0">
                        <PORT_INFLECTION_POS inflection_pos="770.8,-140;7,-140"/>
                        <PORT_PRESSED_POS pressed_pos=""/>
                    </INPUTB>
                    <INPUTT Type="0" Index="0">
                        <PORT_INFLECTION_POS inflection_pos=""/>
                        <PORT_PRESSED_POS pressed_pos=""/>
                    </INPUTT>
                </BFU>
                <BFU mod="0" muMod="0" carry="0" BypassExp="" Height="60" Left="0" exp="A^B^T" YAtParent="55" Top="0" Width="90" id="1" XAtParent="176" func="lu" Bypass="0">
                    <INPUTA Type="7" Index="4">
                        <PORT_INFLECTION_POS inflection_pos="825.8,-136;7,-136"/>
                        <PORT_PRESSED_POS pressed_pos=""/>
                    </INPUTA>
                    <INPUTB Type="7" Index="8">
                        <PORT_INFLECTION_POS inflection_pos="1018.8,-132;7,-132"/>
                        <PORT_PRESSED_POS pressed_pos=""/>
                    </INPUTB>
                    <INPUTT Type="7" Index="12">
                        <PORT_INFLECTION_POS inflection_pos="1149.8,-128;7,-128"/>
                        <PORT_PRESSED_POS pressed_pos=""/>
                    </INPUTT>
                </BFU>
                <BFU mod="0" muMod="0" carry="0" BypassExp="" Height="60" Left="0" exp="(A^T)+B" YAtParent="55" Top="0" Width="90" id="2" XAtParent="299" func="au" Bypass="0">
                    <INPUTA Type="1" Index="1">
                        <PORT_INFLECTION_POS inflection_pos="-109,45;7,45"/>
                        <PORT_PRESSED_POS pressed_pos=""/>
                    </INPUTA>
                    <INPUTB Type="1" Index="0">
                        <PORT_INFLECTION_POS inflection_pos="-257,53;7,53"/>
                        <PORT_PRESSED_POS pressed_pos=""/>
                    </INPUTB>
                    <INPUTT Type="2" Index="0">
                        <PORT_INFLECTION_POS inflection_pos="-250,49;7,49"/>
                        <PORT_PRESSED_POS pressed_pos=""/>
                    </INPUTT>
                </BFU>
                <BFU mod="0" muMod="0" carry="0" BypassExp="B>>8" Height="60" Left="0" exp="A" YAtParent="55" Top="0" Width="90" id="3" XAtParent="424" func="su" Bypass="3">
                    <INPUTA Type="1" Index="2">
                        <PORT_INFLECTION_POS inflection_pos="-111,37;7,37"/>
                        <PORT_PRESSED_POS pressed_pos=""/>
                    </INPUTA>
                    <INPUTB Type="1" Index="2">
                        <PORT_INFLECTION_POS inflection_pos="-132,37;7,37"/>
                        <PORT_PRESSED_POS pressed_pos=""/>
                    </INPUTB>
                    <INPUTT Type="0" Index="0">
                        <PORT_INFLECTION_POS inflection_pos=""/>
                        <PORT_PRESSED_POS pressed_pos=""/>
                    </INPUTT>
                </BFU>
                <BFU mod="0" muMod="0" carry="0" BypassExp="B>>24" Height="60" Left="0" exp="A>>16" YAtParent="55" Top="0" Width="90" id="4" XAtParent="546" func="su" Bypass="3">
                    <INPUTA Type="1" Index="2">
                        <PORT_INFLECTION_POS inflection_pos="-233,37;7,37"/>
                        <PORT_PRESSED_POS pressed_pos=""/>
                    </INPUTA>
                    <INPUTB Type="1" Index="2">
                        <PORT_INFLECTION_POS inflection_pos="-254,37;7,37"/>
                        <PORT_PRESSED_POS pressed_pos=""/>
                    </INPUTB>
                    <INPUTT Type="0" Index="0">
                        <PORT_INFLECTION_POS inflection_pos=""/>
                        <PORT_PRESSED_POS pressed_pos=""/>
                    </INPUTT>
                </BFU>
                <BFU mod="0" muMod="0" carry="0" BypassExp="" Height="60" Left="0" exp="A^B" YAtParent="55" Top="0" Width="90" id="5" XAtParent="705" func="lu" Bypass="0">
                    <INPUTA Type="1" Index="1">
                        <PORT_INFLECTION_POS inflection_pos="-515,45;7,45"/>
                        <PORT_PRESSED_POS pressed_pos=""/>
                    </INPUTA>
                    <INPUTB Type="2" Index="0">
                        <PORT_INFLECTION_POS inflection_pos="-635,49;7,49"/>
                        <PORT_PRESSED_POS pressed_pos=""/>
                    </INPUTB>
                    <INPUTT Type="0" Index="0">
                        <PORT_INFLECTION_POS inflection_pos=""/>
                        <PORT_PRESSED_POS pressed_pos=""/>
                    </INPUTT>
                </BFU>
                <SBOX Height="60" Left="0" mode="4" YAtParent="55" Top="0" src=":/sbox_0_init .sbox" Width="120" id="0" XAtParent="859" increasemode="0">
                    <INPUT Type="1" Index="3">
                        <PORT_INFLECTION_POS inflection_pos="-457,29;7,29"/>
                        <PORT_PRESSED_POS pressed_pos=""/>
                    </INPUT>
                    <CNT value="0" id="0"/>
                    <CNT value="0" id="1"/>
                    <CNT value="0" id="2"/>
                    <CNT value="0" id="3"/>
                </SBOX>
                <SBOX Height="60" Left="0" mode="4" YAtParent="55" Top="0" src=":/sbox_1_init .sbox" Width="120" id="1" XAtParent="1021" increasemode="0">
                    <INPUT Type="2" Index="3">
                        <PORT_INFLECTION_POS inflection_pos="-591,25;7,25"/>
                        <PORT_PRESSED_POS pressed_pos=""/>
                    </INPUT>
                    <CNT value="0" id="0"/>
                    <CNT value="0" id="1"/>
                    <CNT value="0" id="2"/>
                    <CNT value="0" id="3"/>
                </SBOX>
                <SBOX Height="60" Left="0" mode="4" YAtParent="55" Top="0" src=":/sbox_2_init .sbox" Width="120" id="2" XAtParent="1172" increasemode="0">
                    <INPUT Type="1" Index="4">
                        <PORT_INFLECTION_POS inflection_pos="-648,53;7,53"/>
                        <PORT_PRESSED_POS pressed_pos=""/>
                    </INPUT>
                    <CNT value="0" id="0"/>
                    <CNT value="0" id="1"/>
                    <CNT value="0" id="2"/>
                    <CNT value="0" id="3"/>
                </SBOX>
                <SBOX Height="60" Left="0" mode="4" YAtParent="55" Top="0" src=":/sbox_3_init .sbox" Width="120" id="3" XAtParent="1361" increasemode="0">
                    <INPUT Type="2" Index="4">
                        <PORT_INFLECTION_POS inflection_pos="-809,49;7,49"/>
                        <PORT_PRESSED_POS pressed_pos=""/>
                    </INPUT>
                    <CNT value="0" id="0"/>
                    <CNT value="0" id="1"/>
                    <CNT value="0" id="2"/>
                    <CNT value="0" id="3"/>
                </SBOX>
            </RCU>
            <RCU Height="170" Left="0" YAtParent="1552" Top="0" Width="1511" id="7" XAtParent="60">
                <OUT_FIFO Type="0" Index="0" id="0">
                    <PORT_INFLECTION_POS inflection_pos=""/>
                    <PORT_PRESSED_POS pressed_pos=""/>
                </OUT_FIFO>
                <OUT_FIFO Type="0" Index="0" id="1">
                    <PORT_INFLECTION_POS inflection_pos=""/>
                    <PORT_PRESSED_POS pressed_pos=""/>
                </OUT_FIFO>
                <OUT_FIFO Type="0" Index="0" id="2">
                    <PORT_INFLECTION_POS inflection_pos=""/>
                    <PORT_PRESSED_POS pressed_pos=""/>
                </OUT_FIFO>
                <OUT_FIFO Type="0" Index="0" id="3">
                    <PORT_INFLECTION_POS inflection_pos=""/>
                    <PORT_PRESSED_POS pressed_pos=""/>
                </OUT_FIFO>
                <LOOP LOOP_times2="0" LOOP_start_end2="0" LOOP_start_end="0" LOOP_times="0"/>
                <MEM_WRITE addr="0" threashold="0" mode="0" offset="0" mask="0"/>
                <MEM_READ addr1="0" mode128_32="0" addr2="0" threashold="0" addr4="0" mode="0" addr3="0" offset="0"/>
                <RCH mode="0"/>
                <BFU mod="0" muMod="0" carry="0" BypassExp="" Height="60" Left="0" exp="A^B^T" YAtParent="55" Top="0" Width="90" id="0" XAtParent="61" func="lu" Bypass="0">
                    <INPUTA Type="7" Index="0">
                        <PORT_INFLECTION_POS inflection_pos="806.8,-147;7,-147"/>
                        <PORT_PRESSED_POS pressed_pos=""/>
                    </INPUTA>
                    <INPUTB Type="7" Index="4">
                        <PORT_INFLECTION_POS inflection_pos="947.8,-143;7,-143"/>
                        <PORT_PRESSED_POS pressed_pos=""/>
                    </INPUTB>
                    <INPUTT Type="7" Index="8">
                        <PORT_INFLECTION_POS inflection_pos="1077.8,-139;7,-139"/>
                        <PORT_PRESSED_POS pressed_pos=""/>
                    </INPUTT>
                </BFU>
                <BFU mod="0" muMod="0" carry="0" BypassExp="" Height="60" Left="0" exp="(A^T)+B" YAtParent="55" Top="0" Width="90" id="1" XAtParent="178" func="au" Bypass="1">
                    <INPUTA Type="1" Index="0">
                        <PORT_INFLECTION_POS inflection_pos="-103,53;7,53"/>
                        <PORT_PRESSED_POS pressed_pos=""/>
                    </INPUTA>
                    <INPUTB Type="5" Index="5">
                        <PORT_INFLECTION_POS inflection_pos="520,-143;7,-143"/>
                        <PORT_PRESSED_POS pressed_pos=""/>
                    </INPUTB>
                    <INPUTT Type="7" Index="12">
                        <PORT_INFLECTION_POS inflection_pos="1149.8,-135;7,-135"/>
                        <PORT_PRESSED_POS pressed_pos=""/>
                    </INPUTT>
                </BFU>
                <BFU mod="0" muMod="0" carry="0" BypassExp="B>>8" Height="60" Left="0" exp="A" YAtParent="55" Top="0" Width="90" id="2" XAtParent="526" func="su" Bypass="3">
                    <INPUTA Type="1" Index="1">
                        <PORT_INFLECTION_POS inflection_pos="-334,45;7,45"/>
                        <PORT_PRESSED_POS pressed_pos=""/>
                    </INPUTA>
                    <INPUTB Type="1" Index="1">
                        <PORT_INFLECTION_POS inflection_pos="-355,45;7,45"/>
                        <PORT_PRESSED_POS pressed_pos=""/>
                    </INPUTB>
                    <INPUTT Type="0" Index="0">
                        <PORT_INFLECTION_POS inflection_pos=""/>
                        <PORT_PRESSED_POS pressed_pos=""/>
                    </INPUTT>
                </BFU>
                <BFU mod="0" muMod="0" carry="0" BypassExp="B>>24" Height="60" Left="0" exp="A>>16" YAtParent="55" Top="0" Width="90" id="3" XAtParent="661" func="su" Bypass="3">
                    <INPUTA Type="1" Index="1">
                        <PORT_INFLECTION_POS inflection_pos="-469,45;7,45"/>
                        <PORT_PRESSED_POS pressed_pos=""/>
                    </INPUTA>
                    <INPUTB Type="1" Index="1">
                        <PORT_INFLECTION_POS inflection_pos="-490,45;7,45"/>
                        <PORT_PRESSED_POS pressed_pos=""/>
                    </INPUTB>
                    <INPUTT Type="0" Index="0">
                        <PORT_INFLECTION_POS inflection_pos=""/>
                        <PORT_PRESSED_POS pressed_pos=""/>
                    </INPUTT>
                </BFU>
                <BFU mod="0" muMod="0" carry="0" BypassExp="" Height="60" Left="0" exp="A^B" YAtParent="55" Top="0" Width="90" id="4" XAtParent="305" func="lu" Bypass="0">
                    <INPUTA Type="1" Index="0">
                        <PORT_INFLECTION_POS inflection_pos="-230,53;7,53"/>
                        <PORT_PRESSED_POS pressed_pos=""/>
                    </INPUTA>
                    <INPUTB Type="7" Index="12">
                        <PORT_INFLECTION_POS inflection_pos="1043.8,-135;7,-135"/>
                        <PORT_PRESSED_POS pressed_pos=""/>
                    </INPUTB>
                    <INPUTT Type="0" Index="0">
                        <PORT_INFLECTION_POS inflection_pos=""/>
                        <PORT_PRESSED_POS pressed_pos=""/>
                    </INPUTT>
                </BFU>
                <SBOX Height="60" Left="0" mode="4" YAtParent="55" Top="0" src=":/sbox_0_init .sbox" Width="120" id="0" XAtParent="843" increasemode="0">
                    <INPUT Type="1" Index="2">
                        <PORT_INFLECTION_POS inflection_pos="-339,37;7,37"/>
                        <PORT_PRESSED_POS pressed_pos=""/>
                    </INPUT>
                    <CNT value="0" id="0"/>
                    <CNT value="0" id="1"/>
                    <CNT value="0" id="2"/>
                    <CNT value="0" id="3"/>
                </SBOX>
                <SBOX Height="60" Left="0" mode="4" YAtParent="55" Top="0" src=":/sbox_1_init .sbox" Width="120" id="1" XAtParent="982" increasemode="0">
                    <INPUT Type="2" Index="2">
                        <PORT_INFLECTION_POS inflection_pos="-450,33;7,33"/>
                        <PORT_PRESSED_POS pressed_pos=""/>
                    </INPUT>
                    <CNT value="0" id="0"/>
                    <CNT value="0" id="1"/>
                    <CNT value="0" id="2"/>
                    <CNT value="0" id="3"/>
                </SBOX>
                <SBOX Height="60" Left="0" mode="4" YAtParent="55" Top="0" src=":/sbox_2_init .sbox" Width="120" id="2" XAtParent="1118" increasemode="0">
                    <INPUT Type="1" Index="3">
                        <PORT_INFLECTION_POS inflection_pos="-479,29;7,29"/>
                        <PORT_PRESSED_POS pressed_pos=""/>
                    </INPUT>
                    <CNT value="0" id="0"/>
                    <CNT value="0" id="1"/>
                    <CNT value="0" id="2"/>
                    <CNT value="0" id="3"/>
                </SBOX>
                <SBOX Height="60" Left="0" mode="4" YAtParent="55" Top="0" src=":/sbox_3_init .sbox" Width="120" id="3" XAtParent="1265" increasemode="0">
                    <INPUT Type="2" Index="3">
                        <PORT_INFLECTION_POS inflection_pos="-598,25;7,25"/>
                        <PORT_PRESSED_POS pressed_pos=""/>
                    </INPUT>
                    <CNT value="0" id="0"/>
                    <CNT value="0" id="1"/>
                    <CNT value="0" id="2"/>
                    <CNT value="0" id="3"/>
                </SBOX>
            </RCU>
            <RCU Height="170" Left="0" YAtParent="1762" Top="0" Width="1511" id="8" XAtParent="60">
                <OUT_FIFO Type="1" Index="3" id="0">
                    <PORT_INFLECTION_POS inflection_pos="247.8,0"/>
                    <PORT_PRESSED_POS pressed_pos=""/>
                </OUT_FIFO>
                <OUT_FIFO Type="1" Index="4" id="1">
                    <PORT_INFLECTION_POS inflection_pos="99.6,-22;7,-22"/>
                    <PORT_PRESSED_POS pressed_pos=""/>
                </OUT_FIFO>
                <OUT_FIFO Type="1" Index="5" id="2">
                    <PORT_INFLECTION_POS inflection_pos="-47.6,-14;7,-14"/>
                    <PORT_PRESSED_POS pressed_pos=""/>
                </OUT_FIFO>
                <OUT_FIFO Type="1" Index="6" id="3">
                    <PORT_INFLECTION_POS inflection_pos="-217.8,-6;7,-6"/>
                    <PORT_PRESSED_POS pressed_pos=""/>
                </OUT_FIFO>
                <LOOP LOOP_times2="0" LOOP_start_end2="0" LOOP_start_end="0" LOOP_times="0"/>
                <MEM_WRITE addr="0" threashold="0" mode="0" offset="0" mask="0"/>
                <MEM_READ addr1="0" mode128_32="0" addr2="0" threashold="0" addr4="0" mode="0" addr3="0" offset="0"/>
                <RCH mode="0"/>
                <BFU mod="0" muMod="0" carry="0" BypassExp="" Height="60" Left="0" exp="A^B^T" YAtParent="55" Top="0" Width="90" id="0" XAtParent="101" func="lu" Bypass="0">
                    <INPUTA Type="7" Index="0">
                        <PORT_INFLECTION_POS inflection_pos=""/>
                        <PORT_PRESSED_POS pressed_pos=""/>
                    </INPUTA>
                    <INPUTB Type="7" Index="4">
                        <PORT_INFLECTION_POS inflection_pos=""/>
                        <PORT_PRESSED_POS pressed_pos=""/>
                    </INPUTB>
                    <INPUTT Type="7" Index="8">
                        <PORT_INFLECTION_POS inflection_pos=""/>
                        <PORT_PRESSED_POS pressed_pos=""/>
                    </INPUTT>
                </BFU>
                <BFU mod="0" muMod="0" carry="0" BypassExp="" Height="60" Left="0" exp="(A^T)+B" YAtParent="55" Top="0" Width="90" id="1" XAtParent="228" func="au" Bypass="0">
                    <INPUTA Type="1" Index="0">
                        <PORT_INFLECTION_POS inflection_pos=""/>
                        <PORT_PRESSED_POS pressed_pos=""/>
                    </INPUTA>
                    <INPUTB Type="5" Index="4">
                        <PORT_INFLECTION_POS inflection_pos=""/>
                        <PORT_PRESSED_POS pressed_pos=""/>
                    </INPUTB>
                    <INPUTT Type="7" Index="12">
                        <PORT_INFLECTION_POS inflection_pos=""/>
                        <PORT_PRESSED_POS pressed_pos=""/>
                    </INPUTT>
                </BFU>
                <BFU mod="0" muMod="0" carry="0" BypassExp="" Height="60" Left="0" exp="A^B" YAtParent="55" Top="0" Width="90" id="2" XAtParent="368" func="lu" Bypass="0">
                    <INPUTA Type="1" Index="0">
                        <PORT_INFLECTION_POS inflection_pos=""/>
                        <PORT_PRESSED_POS pressed_pos=""/>
                    </INPUTA>
                    <INPUTB Type="7" Index="12">
                        <PORT_INFLECTION_POS inflection_pos=""/>
                        <PORT_PRESSED_POS pressed_pos=""/>
                    </INPUTB>
                    <INPUTT Type="0" Index="0">
                        <PORT_INFLECTION_POS inflection_pos=""/>
                        <PORT_PRESSED_POS pressed_pos=""/>
                    </INPUTT>
                </BFU>
                <BFU mod="0" muMod="0" carry="0" BypassExp="" Height="60" Left="0" exp="A^B" YAtParent="55" Top="0" Width="90" id="3" XAtParent="517" func="lu" Bypass="0">
                    <INPUTA Type="1" Index="1">
                        <PORT_INFLECTION_POS inflection_pos=""/>
                        <PORT_PRESSED_POS pressed_pos=""/>
                    </INPUTA>
                    <INPUTB Type="12" Index="0">
                        <PORT_INFLECTION_POS inflection_pos=""/>
                        <PORT_PRESSED_POS pressed_pos=""/>
                    </INPUTB>
                    <INPUTT Type="0" Index="0">
                        <PORT_INFLECTION_POS inflection_pos=""/>
                        <PORT_PRESSED_POS pressed_pos=""/>
                    </INPUTT>
                </BFU>
                <BFU mod="0" muMod="0" carry="0" BypassExp="" Height="60" Left="0" exp="A^B" YAtParent="55" Top="0" Width="90" id="4" XAtParent="669" func="lu" Bypass="0">
                    <INPUTA Type="1" Index="2">
                        <PORT_INFLECTION_POS inflection_pos=""/>
                        <PORT_PRESSED_POS pressed_pos=""/>
                    </INPUTA>
                    <INPUTB Type="12" Index="1">
                        <PORT_INFLECTION_POS inflection_pos=""/>
                        <PORT_PRESSED_POS pressed_pos=""/>
                    </INPUTB>
                    <INPUTT Type="0" Index="0">
                        <PORT_INFLECTION_POS inflection_pos=""/>
                        <PORT_PRESSED_POS pressed_pos=""/>
                    </INPUTT>
                </BFU>
                <BFU mod="0" muMod="0" carry="0" BypassExp="" Height="60" Left="0" exp="" YAtParent="55" Top="0" Width="90" id="5" XAtParent="822" func="au" Bypass="0">
                    <INPUTA Type="12" Index="4">
                        <PORT_INFLECTION_POS inflection_pos=""/>
                        <PORT_PRESSED_POS pressed_pos=""/>
                    </INPUTA>
                    <INPUTB Type="0" Index="0">
                        <PORT_INFLECTION_POS inflection_pos=""/>
                        <PORT_PRESSED_POS pressed_pos=""/>
                    </INPUTB>
                    <INPUTT Type="0" Index="0">
                        <PORT_INFLECTION_POS inflection_pos=""/>
                        <PORT_PRESSED_POS pressed_pos=""/>
                    </INPUTT>
                </BFU>
                <BFU mod="0" muMod="0" carry="0" BypassExp="" Height="60" Left="0" exp="" YAtParent="55" Top="0" Width="90" id="6" XAtParent="952" func="au" Bypass="0">
                    <INPUTA Type="12" Index="5">
                        <PORT_INFLECTION_POS inflection_pos=""/>
                        <PORT_PRESSED_POS pressed_pos=""/>
                    </INPUTA>
                    <INPUTB Type="0" Index="0">
                        <PORT_INFLECTION_POS inflection_pos=""/>
                        <PORT_PRESSED_POS pressed_pos=""/>
                    </INPUTB>
                    <INPUTT Type="0" Index="0">
                        <PORT_INFLECTION_POS inflection_pos=""/>
                        <PORT_PRESSED_POS pressed_pos=""/>
                    </INPUTT>
                </BFU>
            </RCU>
        </BCU>
    </RCA>
    <RSM id="0"/>
    <UIVER ver="3.0.0"/>
</ALGRITHM>
